DATAFLOW,LAST UPDATE,freq,product,currency,unit,indic_en,LAND,TIME_PERIOD,PRICE,OBS_FLAG
ESTAT:TEN00117(1.0),27/10/22 23:00:00,A,6000,EUR,KWH,MSHH,AL,2011,0.1152,
ESTAT:TEN00117(1.0),27/10/22 23:00:00,A,6000,EUR,KWH,MSHH,AL,2012,0.1163,
ESTAT:TEN00117(1.0),27/10/22 23:00:00,A,6000,EUR,KWH,MSHH,AL,2013,0.1156,
ESTAT:TEN00117(1.0),27/10/22 23:00:00,A,6000,EUR,KWH,MSHH,AL,2014,0.1156,
ESTAT:TEN00117(1.0),27/10/22 23:00:00,A,6000,EUR,KWH,MSHH,AL,2015,0.0812,
ESTAT:TEN00117(1.0),27/10/22 23:00:00,A,6000,EUR,KWH,MSHH,AL,2016,0.0824,
ESTAT:TEN00117(1.0),27/10/22 23:00:00,A,6000,EUR,KWH,MSHH,AL,2017,0.0844,
ESTAT:TEN00117(1.0),27/10/22 23:00:00,A,6000,EUR,KWH,MSHH,AL,2019,0.0920,e
ESTAT:TEN00117(1.0),27/10/22 23:00:00,A,6000,EUR,KWH,MSHH,AL,2020,0.0922,e
ESTAT:TEN00117(1.0),27/10/22 23:00:00,A,6000,EUR,KWH,MSHH,AL,2021,0.0925,e
ESTAT:TEN00117(1.0),27/10/22 23:00:00,A,6000,EUR,KWH,MSHH,AT,2010,0.1967,
ESTAT:TEN00117(1.0),27/10/22 23:00:00,A,6000,EUR,KWH,MSHH,AT,2011,0.1986,
ESTAT:TEN00117(1.0),27/10/22 23:00:00,A,6000,EUR,KWH,MSHH,AT,2012,0.1975,
ESTAT:TEN00117(1.0),27/10/22 23:00:00,A,6000,EUR,KWH,MSHH,AT,2013,0.2082,
ESTAT:TEN00117(1.0),27/10/22 23:00:00,A,6000,EUR,KWH,MSHH,AT,2014,0.2021,
ESTAT:TEN00117(1.0),27/10/22 23:00:00,A,6000,EUR,KWH,MSHH,AT,2015,0.2009,
ESTAT:TEN00117(1.0),27/10/22 23:00:00,A,6000,EUR,KWH,MSHH,AT,2016,0.2034,
ESTAT:TEN00117(1.0),27/10/22 23:00:00,A,6000,EUR,KWH,MSHH,AT,2017,0.1950,
ESTAT:TEN00117(1.0),27/10/22 23:00:00,A,6000,EUR,KWH,MSHH,AT,2018,0.1966,
ESTAT:TEN00117(1.0),27/10/22 23:00:00,A,6000,EUR,KWH,MSHH,AT,2019,0.2034,
ESTAT:TEN00117(1.0),27/10/22 23:00:00,A,6000,EUR,KWH,MSHH,AT,2020,0.2111,
ESTAT:TEN00117(1.0),27/10/22 23:00:00,A,6000,EUR,KWH,MSHH,AT,2021,0.2216,
ESTAT:TEN00117(1.0),27/10/22 23:00:00,A,6000,EUR,KWH,MSHH,BA,2010,0.0741,
ESTAT:TEN00117(1.0),27/10/22 23:00:00,A,6000,EUR,KWH,MSHH,BA,2011,0.0745,
ESTAT:TEN00117(1.0),27/10/22 23:00:00,A,6000,EUR,KWH,MSHH,BA,2012,0.0798,
ESTAT:TEN00117(1.0),27/10/22 23:00:00,A,6000,EUR,KWH,MSHH,BA,2013,0.0803,
ESTAT:TEN00117(1.0),27/10/22 23:00:00,A,6000,EUR,KWH,MSHH,BA,2014,0.0791,
ESTAT:TEN00117(1.0),27/10/22 23:00:00,A,6000,EUR,KWH,MSHH,BA,2015,0.0812,
ESTAT:TEN00117(1.0),27/10/22 23:00:00,A,6000,EUR,KWH,MSHH,BA,2016,0.0831,
ESTAT:TEN00117(1.0),27/10/22 23:00:00,A,6000,EUR,KWH,MSHH,BA,2017,0.0859,
ESTAT:TEN00117(1.0),27/10/22 23:00:00,A,6000,EUR,KWH,MSHH,BA,2018,0.0864,
ESTAT:TEN00117(1.0),27/10/22 23:00:00,A,6000,EUR,KWH,MSHH,BA,2019,0.0873,
ESTAT:TEN00117(1.0),27/10/22 23:00:00,A,6000,EUR,KWH,MSHH,BA,2020,0.0870,
ESTAT:TEN00117(1.0),27/10/22 23:00:00,A,6000,EUR,KWH,MSHH,BA,2021,0.0875,
ESTAT:TEN00117(1.0),27/10/22 23:00:00,A,6000,EUR,KWH,MSHH,BE,2010,0.1959,
ESTAT:TEN00117(1.0),27/10/22 23:00:00,A,6000,EUR,KWH,MSHH,BE,2011,0.2136,
ESTAT:TEN00117(1.0),27/10/22 23:00:00,A,6000,EUR,KWH,MSHH,BE,2012,0.2327,
ESTAT:TEN00117(1.0),27/10/22 23:00:00,A,6000,EUR,KWH,MSHH,BE,2013,0.2173,
ESTAT:TEN00117(1.0),27/10/22 23:00:00,A,6000,EUR,KWH,MSHH,BE,2014,0.2097,
ESTAT:TEN00117(1.0),27/10/22 23:00:00,A,6000,EUR,KWH,MSHH,BE,2015,0.2126,
ESTAT:TEN00117(1.0),27/10/22 23:00:00,A,6000,EUR,KWH,MSHH,BE,2016,0.2544,
ESTAT:TEN00117(1.0),27/10/22 23:00:00,A,6000,EUR,KWH,MSHH,BE,2017,0.2857,
ESTAT:TEN00117(1.0),27/10/22 23:00:00,A,6000,EUR,KWH,MSHH,BE,2018,0.2824,
ESTAT:TEN00117(1.0),27/10/22 23:00:00,A,6000,EUR,KWH,MSHH,BE,2019,0.2839,
ESTAT:TEN00117(1.0),27/10/22 23:00:00,A,6000,EUR,KWH,MSHH,BE,2020,0.2792,
ESTAT:TEN00117(1.0),27/10/22 23:00:00,A,6000,EUR,KWH,MSHH,BE,2021,0.2702,
ESTAT:TEN00117(1.0),27/10/22 23:00:00,A,6000,EUR,KWH,MSHH,BG,2010,0.0813,
ESTAT:TEN00117(1.0),27/10/22 23:00:00,A,6000,EUR,KWH,MSHH,BG,2011,0.0826,
ESTAT:TEN00117(1.0),27/10/22 23:00:00,A,6000,EUR,KWH,MSHH,BG,2012,0.0846,
ESTAT:TEN00117(1.0),27/10/22 23:00:00,A,6000,EUR,KWH,MSHH,BG,2013,0.0924,
ESTAT:TEN00117(1.0),27/10/22 23:00:00,A,6000,EUR,KWH,MSHH,BG,2014,0.0832,
ESTAT:TEN00117(1.0),27/10/22 23:00:00,A,6000,EUR,KWH,MSHH,BG,2015,0.0942,
ESTAT:TEN00117(1.0),27/10/22 23:00:00,A,6000,EUR,KWH,MSHH,BG,2016,0.0956,
ESTAT:TEN00117(1.0),27/10/22 23:00:00,A,6000,EUR,KWH,MSHH,BG,2017,0.0955,
ESTAT:TEN00117(1.0),27/10/22 23:00:00,A,6000,EUR,KWH,MSHH,BG,2018,0.0979,
ESTAT:TEN00117(1.0),27/10/22 23:00:00,A,6000,EUR,KWH,MSHH,BG,2019,0.0997,
ESTAT:TEN00117(1.0),27/10/22 23:00:00,A,6000,EUR,KWH,MSHH,BG,2020,0.0997,
ESTAT:TEN00117(1.0),27/10/22 23:00:00,A,6000,EUR,KWH,MSHH,BG,2021,0.1024,
ESTAT:TEN00117(1.0),27/10/22 23:00:00,A,6000,EUR,KWH,MSHH,CY,2010,0.1858,
ESTAT:TEN00117(1.0),27/10/22 23:00:00,A,6000,EUR,KWH,MSHH,CY,2011,0.2050,
ESTAT:TEN00117(1.0),27/10/22 23:00:00,A,6000,EUR,KWH,MSHH,CY,2012,0.2781,
ESTAT:TEN00117(1.0),27/10/22 23:00:00,A,6000,EUR,KWH,MSHH,CY,2013,0.2760,
ESTAT:TEN00117(1.0),27/10/22 23:00:00,A,6000,EUR,KWH,MSHH,CY,2014,0.2291,
ESTAT:TEN00117(1.0),27/10/22 23:00:00,A,6000,EUR,KWH,MSHH,CY,2015,0.1957,
ESTAT:TEN00117(1.0),27/10/22 23:00:00,A,6000,EUR,KWH,MSHH,CY,2016,0.1527,
ESTAT:TEN00117(1.0),27/10/22 23:00:00,A,6000,EUR,KWH,MSHH,CY,2017,0.1863,
ESTAT:TEN00117(1.0),27/10/22 23:00:00,A,6000,EUR,KWH,MSHH,CY,2018,0.1893,
ESTAT:TEN00117(1.0),27/10/22 23:00:00,A,6000,EUR,KWH,MSHH,CY,2019,0.2203,
ESTAT:TEN00117(1.0),27/10/22 23:00:00,A,6000,EUR,KWH,MSHH,CY,2020,0.2133,
ESTAT:TEN00117(1.0),27/10/22 23:00:00,A,6000,EUR,KWH,MSHH,CY,2021,0.1976,
ESTAT:TEN00117(1.0),27/10/22 23:00:00,A,6000,EUR,KWH,MSHH,CZ,2010,0.1496,
ESTAT:TEN00117(1.0),27/10/22 23:00:00,A,6000,EUR,KWH,MSHH,CZ,2011,0.1659,
ESTAT:TEN00117(1.0),27/10/22 23:00:00,A,6000,EUR,KWH,MSHH,CZ,2012,0.1664,
ESTAT:TEN00117(1.0),27/10/22 23:00:00,A,6000,EUR,KWH,MSHH,CZ,2013,0.1681,
ESTAT:TEN00117(1.0),27/10/22 23:00:00,A,6000,EUR,KWH,MSHH,CZ,2014,0.1388,
ESTAT:TEN00117(1.0),27/10/22 23:00:00,A,6000,EUR,KWH,MSHH,CZ,2015,0.1385,
ESTAT:TEN00117(1.0),27/10/22 23:00:00,A,6000,EUR,KWH,MSHH,CZ,2016,0.1420,
ESTAT:TEN00117(1.0),27/10/22 23:00:00,A,6000,EUR,KWH,MSHH,CZ,2017,0.1438,
ESTAT:TEN00117(1.0),27/10/22 23:00:00,A,6000,EUR,KWH,MSHH,CZ,2018,0.1573,
ESTAT:TEN00117(1.0),27/10/22 23:00:00,A,6000,EUR,KWH,MSHH,CZ,2019,0.1748,
ESTAT:TEN00117(1.0),27/10/22 23:00:00,A,6000,EUR,KWH,MSHH,CZ,2020,0.1841,
ESTAT:TEN00117(1.0),27/10/22 23:00:00,A,6000,EUR,KWH,MSHH,CZ,2021,0.1802,
ESTAT:TEN00117(1.0),27/10/22 23:00:00,A,6000,EUR,KWH,MSHH,DE,2010,0.2375,
ESTAT:TEN00117(1.0),27/10/22 23:00:00,A,6000,EUR,KWH,MSHH,DE,2011,0.2528,
ESTAT:TEN00117(1.0),27/10/22 23:00:00,A,6000,EUR,KWH,MSHH,DE,2012,0.2595,
ESTAT:TEN00117(1.0),27/10/22 23:00:00,A,6000,EUR,KWH,MSHH,DE,2013,0.2919,
ESTAT:TEN00117(1.0),27/10/22 23:00:00,A,6000,EUR,KWH,MSHH,DE,2014,0.2981,
ESTAT:TEN00117(1.0),27/10/22 23:00:00,A,6000,EUR,KWH,MSHH,DE,2015,0.2951,
ESTAT:TEN00117(1.0),27/10/22 23:00:00,A,6000,EUR,KWH,MSHH,DE,2016,0.2969,
ESTAT:TEN00117(1.0),27/10/22 23:00:00,A,6000,EUR,KWH,MSHH,DE,2017,0.3048,
ESTAT:TEN00117(1.0),27/10/22 23:00:00,A,6000,EUR,KWH,MSHH,DE,2018,0.2987,
ESTAT:TEN00117(1.0),27/10/22 23:00:00,A,6000,EUR,KWH,MSHH,DE,2019,0.3088,
ESTAT:TEN00117(1.0),27/10/22 23:00:00,A,6000,EUR,KWH,MSHH,DE,2020,0.3043,
ESTAT:TEN00117(1.0),27/10/22 23:00:00,A,6000,EUR,KWH,MSHH,DE,2021,0.3193,
ESTAT:TEN00117(1.0),27/10/22 23:00:00,A,6000,EUR,KWH,MSHH,DK,2010,0.2670,
ESTAT:TEN00117(1.0),27/10/22 23:00:00,A,6000,EUR,KWH,MSHH,DK,2011,0.2908,
ESTAT:TEN00117(1.0),27/10/22 23:00:00,A,6000,EUR,KWH,MSHH,DK,2012,0.2997,
ESTAT:TEN00117(1.0),27/10/22 23:00:00,A,6000,EUR,KWH,MSHH,DK,2013,0.3000,
ESTAT:TEN00117(1.0),27/10/22 23:00:00,A,6000,EUR,KWH,MSHH,DK,2014,0.3042,
ESTAT:TEN00117(1.0),27/10/22 23:00:00,A,6000,EUR,KWH,MSHH,DK,2015,0.3068,
ESTAT:TEN00117(1.0),27/10/22 23:00:00,A,6000,EUR,KWH,MSHH,DK,2016,0.3088,
ESTAT:TEN00117(1.0),27/10/22 23:00:00,A,6000,EUR,KWH,MSHH,DK,2017,0.3049,
ESTAT:TEN00117(1.0),27/10/22 23:00:00,A,6000,EUR,KWH,MSHH,DK,2018,0.3126,
ESTAT:TEN00117(1.0),27/10/22 23:00:00,A,6000,EUR,KWH,MSHH,DK,2019,0.2984,
ESTAT:TEN00117(1.0),27/10/22 23:00:00,A,6000,EUR,KWH,MSHH,DK,2020,0.2833,
ESTAT:TEN00117(1.0),27/10/22 23:00:00,A,6000,EUR,KWH,MSHH,DK,2021,0.2900,
ESTAT:TEN00117(1.0),27/10/22 23:00:00,A,6000,EUR,KWH,MSHH,EA,2010,0.1761,
ESTAT:TEN00117(1.0),27/10/22 23:00:00,A,6000,EUR,KWH,MSHH,EA,2011,0.1893,
ESTAT:TEN00117(1.0),27/10/22 23:00:00,A,6000,EUR,KWH,MSHH,EA,2012,0.1972,
ESTAT:TEN00117(1.0),27/10/22 23:00:00,A,6000,EUR,KWH,MSHH,EA,2013,0.2112,
ESTAT:TEN00117(1.0),27/10/22 23:00:00,A,6000,EUR,KWH,MSHH,EA,2014,0.2161,
ESTAT:TEN00117(1.0),27/10/22 23:00:00,A,6000,EUR,KWH,MSHH,EA,2015,0.2199,
ESTAT:TEN00117(1.0),27/10/22 23:00:00,A,6000,EUR,KWH,MSHH,EA,2016,0.2162,
ESTAT:TEN00117(1.0),27/10/22 23:00:00,A,6000,EUR,KWH,MSHH,EA,2017,0.2208,
ESTAT:TEN00117(1.0),27/10/22 23:00:00,A,6000,EUR,KWH,MSHH,EA,2018,0.2220,
ESTAT:TEN00117(1.0),27/10/22 23:00:00,A,6000,EUR,KWH,MSHH,EA,2019,0.2295,
ESTAT:TEN00117(1.0),27/10/22 23:00:00,A,6000,EUR,KWH,MSHH,EA,2020,0.2263,
ESTAT:TEN00117(1.0),27/10/22 23:00:00,A,6000,EUR,KWH,MSHH,EA,2021,0.2322,
ESTAT:TEN00117(1.0),27/10/22 23:00:00,A,6000,EUR,KWH,MSHH,EE,2010,0.0970,
ESTAT:TEN00117(1.0),27/10/22 23:00:00,A,6000,EUR,KWH,MSHH,EE,2011,0.0973,
ESTAT:TEN00117(1.0),27/10/22 23:00:00,A,6000,EUR,KWH,MSHH,EE,2012,0.1096,
ESTAT:TEN00117(1.0),27/10/22 23:00:00,A,6000,EUR,KWH,MSHH,EE,2013,0.1351,
ESTAT:TEN00117(1.0),27/10/22 23:00:00,A,6000,EUR,KWH,MSHH,EE,2014,0.1307,
ESTAT:TEN00117(1.0),27/10/22 23:00:00,A,6000,EUR,KWH,MSHH,EE,2015,0.1302,
ESTAT:TEN00117(1.0),27/10/22 23:00:00,A,6000,EUR,KWH,MSHH,EE,2016,0.1208,
ESTAT:TEN00117(1.0),27/10/22 23:00:00,A,6000,EUR,KWH,MSHH,EE,2017,0.1207,
ESTAT:TEN00117(1.0),27/10/22 23:00:00,A,6000,EUR,KWH,MSHH,EE,2018,0.1348,
ESTAT:TEN00117(1.0),27/10/22 23:00:00,A,6000,EUR,KWH,MSHH,EE,2019,0.1357,
ESTAT:TEN00117(1.0),27/10/22 23:00:00,A,6000,EUR,KWH,MSHH,EE,2020,0.1236,
ESTAT:TEN00117(1.0),27/10/22 23:00:00,A,6000,EUR,KWH,MSHH,EE,2021,0.1324,
ESTAT:TEN00117(1.0),27/10/22 23:00:00,A,6000,EUR,KWH,MSHH,EL,2010,0.1181,
ESTAT:TEN00117(1.0),27/10/22 23:00:00,A,6000,EUR,KWH,MSHH,EL,2011,0.1250,
ESTAT:TEN00117(1.0),27/10/22 23:00:00,A,6000,EUR,KWH,MSHH,EL,2012,0.1391,
ESTAT:TEN00117(1.0),27/10/22 23:00:00,A,6000,EUR,KWH,MSHH,EL,2013,0.1563,
ESTAT:TEN00117(1.0),27/10/22 23:00:00,A,6000,EUR,KWH,MSHH,EL,2014,0.1767,
ESTAT:TEN00117(1.0),27/10/22 23:00:00,A,6000,EUR,KWH,MSHH,EL,2015,0.1767,
ESTAT:TEN00117(1.0),27/10/22 23:00:00,A,6000,EUR,KWH,MSHH,EL,2016,0.1716,
ESTAT:TEN00117(1.0),27/10/22 23:00:00,A,6000,EUR,KWH,MSHH,EL,2017,0.1711,
ESTAT:TEN00117(1.0),27/10/22 23:00:00,A,6000,EUR,KWH,MSHH,EL,2018,0.1672,
ESTAT:TEN00117(1.0),27/10/22 23:00:00,A,6000,EUR,KWH,MSHH,EL,2019,0.1595,
ESTAT:TEN00117(1.0),27/10/22 23:00:00,A,6000,EUR,KWH,MSHH,EL,2020,0.1674,
ESTAT:TEN00117(1.0),27/10/22 23:00:00,A,6000,EUR,KWH,MSHH,EL,2021,0.1680,
ESTAT:TEN00117(1.0),27/10/22 23:00:00,A,6000,EUR,KWH,MSHH,ES,2010,0.1728,
ESTAT:TEN00117(1.0),27/10/22 23:00:00,A,6000,EUR,KWH,MSHH,ES,2011,0.1981,
ESTAT:TEN00117(1.0),27/10/22 23:00:00,A,6000,EUR,KWH,MSHH,ES,2012,0.2190,
ESTAT:TEN00117(1.0),27/10/22 23:00:00,A,6000,EUR,KWH,MSHH,ES,2013,0.2228,
ESTAT:TEN00117(1.0),27/10/22 23:00:00,A,6000,EUR,KWH,MSHH,ES,2014,0.2165,
ESTAT:TEN00117(1.0),27/10/22 23:00:00,A,6000,EUR,KWH,MSHH,ES,2015,0.2309,
ESTAT:TEN00117(1.0),27/10/22 23:00:00,A,6000,EUR,KWH,MSHH,ES,2016,0.2185,
ESTAT:TEN00117(1.0),27/10/22 23:00:00,A,6000,EUR,KWH,MSHH,ES,2017,0.2296,
ESTAT:TEN00117(1.0),27/10/22 23:00:00,A,6000,EUR,KWH,MSHH,ES,2018,0.2383,
ESTAT:TEN00117(1.0),27/10/22 23:00:00,A,6000,EUR,KWH,MSHH,ES,2019,0.2403,
ESTAT:TEN00117(1.0),27/10/22 23:00:00,A,6000,EUR,KWH,MSHH,ES,2020,0.2239,
ESTAT:TEN00117(1.0),27/10/22 23:00:00,A,6000,EUR,KWH,MSHH,ES,2021,0.2323,
ESTAT:TEN00117(1.0),27/10/22 23:00:00,A,6000,EUR,KWH,MSHH,EU27_2020,2010,0.1725,
ESTAT:TEN00117(1.0),27/10/22 23:00:00,A,6000,EUR,KWH,MSHH,EU27_2020,2011,0.1858,
ESTAT:TEN00117(1.0),27/10/22 23:00:00,A,6000,EUR,KWH,MSHH,EU27_2020,2012,0.1916,
ESTAT:TEN00117(1.0),27/10/22 23:00:00,A,6000,EUR,KWH,MSHH,EU27_2020,2013,0.2042,
ESTAT:TEN00117(1.0),27/10/22 23:00:00,A,6000,EUR,KWH,MSHH,EU27_2020,2014,0.2058,
ESTAT:TEN00117(1.0),27/10/22 23:00:00,A,6000,EUR,KWH,MSHH,EU27_2020,2015,0.2083,
ESTAT:TEN00117(1.0),27/10/22 23:00:00,A,6000,EUR,KWH,MSHH,EU27_2020,2016,0.2051,
ESTAT:TEN00117(1.0),27/10/22 23:00:00,A,6000,EUR,KWH,MSHH,EU27_2020,2017,0.2086,
ESTAT:TEN00117(1.0),27/10/22 23:00:00,A,6000,EUR,KWH,MSHH,EU27_2020,2018,0.2099,
ESTAT:TEN00117(1.0),27/10/22 23:00:00,A,6000,EUR,KWH,MSHH,EU27_2020,2019,0.2170,
ESTAT:TEN00117(1.0),27/10/22 23:00:00,A,6000,EUR,KWH,MSHH,EU27_2020,2020,0.2134,
ESTAT:TEN00117(1.0),27/10/22 23:00:00,A,6000,EUR,KWH,MSHH,EU27_2020,2021,0.2203,
ESTAT:TEN00117(1.0),27/10/22 23:00:00,A,6000,EUR,KWH,MSHH,FI,2010,0.1325,
ESTAT:TEN00117(1.0),27/10/22 23:00:00,A,6000,EUR,KWH,MSHH,FI,2011,0.1540,
ESTAT:TEN00117(1.0),27/10/22 23:00:00,A,6000,EUR,KWH,MSHH,FI,2012,0.1549,
ESTAT:TEN00117(1.0),27/10/22 23:00:00,A,6000,EUR,KWH,MSHH,FI,2013,0.1578,
ESTAT:TEN00117(1.0),27/10/22 23:00:00,A,6000,EUR,KWH,MSHH,FI,2014,0.1563,
ESTAT:TEN00117(1.0),27/10/22 23:00:00,A,6000,EUR,KWH,MSHH,FI,2015,0.1552,
ESTAT:TEN00117(1.0),27/10/22 23:00:00,A,6000,EUR,KWH,MSHH,FI,2016,0.1541,
ESTAT:TEN00117(1.0),27/10/22 23:00:00,A,6000,EUR,KWH,MSHH,FI,2017,0.1581,
ESTAT:TEN00117(1.0),27/10/22 23:00:00,A,6000,EUR,KWH,MSHH,FI,2018,0.1612,
ESTAT:TEN00117(1.0),27/10/22 23:00:00,A,6000,EUR,KWH,MSHH,FI,2019,0.1734,
ESTAT:TEN00117(1.0),27/10/22 23:00:00,A,6000,EUR,KWH,MSHH,FI,2020,0.1740,
ESTAT:TEN00117(1.0),27/10/22 23:00:00,A,6000,EUR,KWH,MSHH,FI,2021,0.1767,
ESTAT:TEN00117(1.0),27/10/22 23:00:00,A,6000,EUR,KWH,MSHH,FR,2010,0.1283,
ESTAT:TEN00117(1.0),27/10/22 23:00:00,A,6000,EUR,KWH,MSHH,FR,2011,0.1383,
ESTAT:TEN00117(1.0),27/10/22 23:00:00,A,6000,EUR,KWH,MSHH,FR,2012,0.1392,
ESTAT:TEN00117(1.0),27/10/22 23:00:00,A,6000,EUR,KWH,MSHH,FR,2013,0.1524,
ESTAT:TEN00117(1.0),27/10/22 23:00:00,A,6000,EUR,KWH,MSHH,FR,2014,0.1585,
ESTAT:TEN00117(1.0),27/10/22 23:00:00,A,6000,EUR,KWH,MSHH,FR,2015,0.1676,
ESTAT:TEN00117(1.0),27/10/22 23:00:00,A,6000,EUR,KWH,MSHH,FR,2016,0.1685,
ESTAT:TEN00117(1.0),27/10/22 23:00:00,A,6000,EUR,KWH,MSHH,FR,2017,0.1704,
ESTAT:TEN00117(1.0),27/10/22 23:00:00,A,6000,EUR,KWH,MSHH,FR,2018,0.1748,
ESTAT:TEN00117(1.0),27/10/22 23:00:00,A,6000,EUR,KWH,MSHH,FR,2019,0.1778,
ESTAT:TEN00117(1.0),27/10/22 23:00:00,A,6000,EUR,KWH,MSHH,FR,2020,0.1893,
ESTAT:TEN00117(1.0),27/10/22 23:00:00,A,6000,EUR,KWH,MSHH,FR,2021,0.1946,
ESTAT:TEN00117(1.0),27/10/22 23:00:00,A,6000,EUR,KWH,MSHH,GE,2018,0.0685,
ESTAT:TEN00117(1.0),27/10/22 23:00:00,A,6000,EUR,KWH,MSHH,GE,2019,0.0809,
ESTAT:TEN00117(1.0),27/10/22 23:00:00,A,6000,EUR,KWH,MSHH,GE,2020,0.0663,
ESTAT:TEN00117(1.0),27/10/22 23:00:00,A,6000,EUR,KWH,MSHH,GE,2021,0.0631,
ESTAT:TEN00117(1.0),27/10/22 23:00:00,A,6000,EUR,KWH,MSHH,HR,2010,0.1151,
ESTAT:TEN00117(1.0),27/10/22 23:00:00,A,6000,EUR,KWH,MSHH,HR,2011,0.1137,
ESTAT:TEN00117(1.0),27/10/22 23:00:00,A,6000,EUR,KWH,MSHH,HR,2012,0.1208,
ESTAT:TEN00117(1.0),27/10/22 23:00:00,A,6000,EUR,KWH,MSHH,HR,2013,0.1372,
ESTAT:TEN00117(1.0),27/10/22 23:00:00,A,6000,EUR,KWH,MSHH,HR,2014,0.1312,
ESTAT:TEN00117(1.0),27/10/22 23:00:00,A,6000,EUR,KWH,MSHH,HR,2015,0.1317,
ESTAT:TEN00117(1.0),27/10/22 23:00:00,A,6000,EUR,KWH,MSHH,HR,2016,0.1311,
ESTAT:TEN00117(1.0),27/10/22 23:00:00,A,6000,EUR,KWH,MSHH,HR,2017,0.1196,
ESTAT:TEN00117(1.0),27/10/22 23:00:00,A,6000,EUR,KWH,MSHH,HR,2018,0.1311,
ESTAT:TEN00117(1.0),27/10/22 23:00:00,A,6000,EUR,KWH,MSHH,HR,2019,0.1321,
ESTAT:TEN00117(1.0),27/10/22 23:00:00,A,6000,EUR,KWH,MSHH,HR,2020,0.1301,
ESTAT:TEN00117(1.0),27/10/22 23:00:00,A,6000,EUR,KWH,MSHH,HR,2021,0.1291,
ESTAT:TEN00117(1.0),27/10/22 23:00:00,A,6000,EUR,KWH,MSHH,HU,2010,0.1701,
ESTAT:TEN00117(1.0),27/10/22 23:00:00,A,6000,EUR,KWH,MSHH,HU,2011,0.1682,
ESTAT:TEN00117(1.0),27/10/22 23:00:00,A,6000,EUR,KWH,MSHH,HU,2012,0.1549,
ESTAT:TEN00117(1.0),27/10/22 23:00:00,A,6000,EUR,KWH,MSHH,HU,2013,0.1397,
ESTAT:TEN00117(1.0),27/10/22 23:00:00,A,6000,EUR,KWH,MSHH,HU,2014,0.1202,
ESTAT:TEN00117(1.0),27/10/22 23:00:00,A,6000,EUR,KWH,MSHH,HU,2015,0.1127,
ESTAT:TEN00117(1.0),27/10/22 23:00:00,A,6000,EUR,KWH,MSHH,HU,2016,0.1114,
ESTAT:TEN00117(1.0),27/10/22 23:00:00,A,6000,EUR,KWH,MSHH,HU,2017,0.1125,
ESTAT:TEN00117(1.0),27/10/22 23:00:00,A,6000,EUR,KWH,MSHH,HU,2018,0.1123,
ESTAT:TEN00117(1.0),27/10/22 23:00:00,A,6000,EUR,KWH,MSHH,HU,2019,0.1120,
ESTAT:TEN00117(1.0),27/10/22 23:00:00,A,6000,EUR,KWH,MSHH,HU,2020,0.1031,
ESTAT:TEN00117(1.0),27/10/22 23:00:00,A,6000,EUR,KWH,MSHH,HU,2021,0.1003,
ESTAT:TEN00117(1.0),27/10/22 23:00:00,A,6000,EUR,KWH,MSHH,IE,2010,0.1804,
ESTAT:TEN00117(1.0),27/10/22 23:00:00,A,6000,EUR,KWH,MSHH,IE,2011,0.1901,
ESTAT:TEN00117(1.0),27/10/22 23:00:00,A,6000,EUR,KWH,MSHH,IE,2012,0.2155,
ESTAT:TEN00117(1.0),27/10/22 23:00:00,A,6000,EUR,KWH,MSHH,IE,2013,0.2295,
ESTAT:TEN00117(1.0),27/10/22 23:00:00,A,6000,EUR,KWH,MSHH,IE,2014,0.2407,
ESTAT:TEN00117(1.0),27/10/22 23:00:00,A,6000,EUR,KWH,MSHH,IE,2015,0.2426,
ESTAT:TEN00117(1.0),27/10/22 23:00:00,A,6000,EUR,KWH,MSHH,IE,2016,0.2320,
ESTAT:TEN00117(1.0),27/10/22 23:00:00,A,6000,EUR,KWH,MSHH,IE,2017,0.2305,
ESTAT:TEN00117(1.0),27/10/22 23:00:00,A,6000,EUR,KWH,MSHH,IE,2018,0.2369,
ESTAT:TEN00117(1.0),27/10/22 23:00:00,A,6000,EUR,KWH,MSHH,IE,2019,0.2423,
ESTAT:TEN00117(1.0),27/10/22 23:00:00,A,6000,EUR,KWH,MSHH,IE,2020,0.2413,
ESTAT:TEN00117(1.0),27/10/22 23:00:00,A,6000,EUR,KWH,MSHH,IE,2021,0.2555,
ESTAT:TEN00117(1.0),27/10/22 23:00:00,A,6000,EUR,KWH,MSHH,IS,2012,0.1110,
ESTAT:TEN00117(1.0),27/10/22 23:00:00,A,6000,EUR,KWH,MSHH,IS,2013,0.1053,
ESTAT:TEN00117(1.0),27/10/22 23:00:00,A,6000,EUR,KWH,MSHH,IS,2014,0.1133,
ESTAT:TEN00117(1.0),27/10/22 23:00:00,A,6000,EUR,KWH,MSHH,IS,2015,0.1197,
ESTAT:TEN00117(1.0),27/10/22 23:00:00,A,6000,EUR,KWH,MSHH,IS,2016,0.1312,
ESTAT:TEN00117(1.0),27/10/22 23:00:00,A,6000,EUR,KWH,MSHH,IS,2017,0.1598,
ESTAT:TEN00117(1.0),27/10/22 23:00:00,A,6000,EUR,KWH,MSHH,IS,2018,0.1545,
ESTAT:TEN00117(1.0),27/10/22 23:00:00,A,6000,EUR,KWH,MSHH,IS,2019,0.1429,
ESTAT:TEN00117(1.0),27/10/22 23:00:00,A,6000,EUR,KWH,MSHH,IS,2020,0.1341,
ESTAT:TEN00117(1.0),27/10/22 23:00:00,A,6000,EUR,KWH,MSHH,IS,2021,0.1355,
ESTAT:TEN00117(1.0),27/10/22 23:00:00,A,6000,EUR,KWH,MSHH,IT,2010,0.1965,
ESTAT:TEN00117(1.0),27/10/22 23:00:00,A,6000,EUR,KWH,MSHH,IT,2011,0.1987,
ESTAT:TEN00117(1.0),27/10/22 23:00:00,A,6000,EUR,KWH,MSHH,IT,2012,0.2132,
ESTAT:TEN00117(1.0),27/10/22 23:00:00,A,6000,EUR,KWH,MSHH,IT,2013,0.2292,
ESTAT:TEN00117(1.0),27/10/22 23:00:00,A,6000,EUR,KWH,MSHH,IT,2014,0.2446,
ESTAT:TEN00117(1.0),27/10/22 23:00:00,A,6000,EUR,KWH,MSHH,IT,2015,0.2450,
ESTAT:TEN00117(1.0),27/10/22 23:00:00,A,6000,EUR,KWH,MSHH,IT,2016,0.2342,
ESTAT:TEN00117(1.0),27/10/22 23:00:00,A,6000,EUR,KWH,MSHH,IT,2017,0.2132,
ESTAT:TEN00117(1.0),27/10/22 23:00:00,A,6000,EUR,KWH,MSHH,IT,2018,0.2067,
ESTAT:TEN00117(1.0),27/10/22 23:00:00,A,6000,EUR,KWH,MSHH,IT,2019,0.2301,
ESTAT:TEN00117(1.0),27/10/22 23:00:00,A,6000,EUR,KWH,MSHH,IT,2020,0.2226,
ESTAT:TEN00117(1.0),27/10/22 23:00:00,A,6000,EUR,KWH,MSHH,IT,2021,0.2259,
ESTAT:TEN00117(1.0),27/10/22 23:00:00,A,6000,EUR,KWH,MSHH,LI,2014,0.1531,
ESTAT:TEN00117(1.0),27/10/22 23:00:00,A,6000,EUR,KWH,MSHH,LI,2015,0.1841,
ESTAT:TEN00117(1.0),27/10/22 23:00:00,A,6000,EUR,KWH,MSHH,LI,2016,0.1728,
ESTAT:TEN00117(1.0),27/10/22 23:00:00,A,6000,EUR,KWH,MSHH,LI,2017,0.1724,
ESTAT:TEN00117(1.0),27/10/22 23:00:00,A,6000,EUR,KWH,MSHH,LI,2018,0.1916,
ESTAT:TEN00117(1.0),27/10/22 23:00:00,A,6000,EUR,KWH,MSHH,LI,2019,0.1985,
ESTAT:TEN00117(1.0),27/10/22 23:00:00,A,6000,EUR,KWH,MSHH,LI,2020,0.2115,
ESTAT:TEN00117(1.0),27/10/22 23:00:00,A,6000,EUR,KWH,MSHH,LI,2021,0.2071,
ESTAT:TEN00117(1.0),27/10/22 23:00:00,A,6000,EUR,KWH,MSHH,LT,2010,0.1156,
ESTAT:TEN00117(1.0),27/10/22 23:00:00,A,6000,EUR,KWH,MSHH,LT,2011,0.1214,
ESTAT:TEN00117(1.0),27/10/22 23:00:00,A,6000,EUR,KWH,MSHH,LT,2012,0.1260,
ESTAT:TEN00117(1.0),27/10/22 23:00:00,A,6000,EUR,KWH,MSHH,LT,2013,0.1370,
ESTAT:TEN00117(1.0),27/10/22 23:00:00,A,6000,EUR,KWH,MSHH,LT,2014,0.1330,
ESTAT:TEN00117(1.0),27/10/22 23:00:00,A,6000,EUR,KWH,MSHH,LT,2015,0.1256,
ESTAT:TEN00117(1.0),27/10/22 23:00:00,A,6000,EUR,KWH,MSHH,LT,2016,0.1231,
ESTAT:TEN00117(1.0),27/10/22 23:00:00,A,6000,EUR,KWH,MSHH,LT,2017,0.1116,
ESTAT:TEN00117(1.0),27/10/22 23:00:00,A,6000,EUR,KWH,MSHH,LT,2018,0.1097,
ESTAT:TEN00117(1.0),27/10/22 23:00:00,A,6000,EUR,KWH,MSHH,LT,2019,0.1255,
ESTAT:TEN00117(1.0),27/10/22 23:00:00,A,6000,EUR,KWH,MSHH,LT,2020,0.1426,
ESTAT:TEN00117(1.0),27/10/22 23:00:00,A,6000,EUR,KWH,MSHH,LT,2021,0.1348,
ESTAT:TEN00117(1.0),27/10/22 23:00:00,A,6000,EUR,KWH,MSHH,LU,2010,0.1726,
ESTAT:TEN00117(1.0),27/10/22 23:00:00,A,6000,EUR,KWH,MSHH,LU,2011,0.1678,
ESTAT:TEN00117(1.0),27/10/22 23:00:00,A,6000,EUR,KWH,MSHH,LU,2012,0.1696,
ESTAT:TEN00117(1.0),27/10/22 23:00:00,A,6000,EUR,KWH,MSHH,LU,2013,0.1665,
ESTAT:TEN00117(1.0),27/10/22 23:00:00,A,6000,EUR,KWH,MSHH,LU,2014,0.1738,
ESTAT:TEN00117(1.0),27/10/22 23:00:00,A,6000,EUR,KWH,MSHH,LU,2015,0.1767,
ESTAT:TEN00117(1.0),27/10/22 23:00:00,A,6000,EUR,KWH,MSHH,LU,2016,0.1698,
ESTAT:TEN00117(1.0),27/10/22 23:00:00,A,6000,EUR,KWH,MSHH,LU,2017,0.1615,
ESTAT:TEN00117(1.0),27/10/22 23:00:00,A,6000,EUR,KWH,MSHH,LU,2018,0.1671,
ESTAT:TEN00117(1.0),27/10/22 23:00:00,A,6000,EUR,KWH,MSHH,LU,2019,0.1798,
ESTAT:TEN00117(1.0),27/10/22 23:00:00,A,6000,EUR,KWH,MSHH,LU,2020,0.1986,
ESTAT:TEN00117(1.0),27/10/22 23:00:00,A,6000,EUR,KWH,MSHH,LU,2021,0.1988,
ESTAT:TEN00117(1.0),27/10/22 23:00:00,A,6000,EUR,KWH,MSHH,LV,2010,0.1049,
ESTAT:TEN00117(1.0),27/10/22 23:00:00,A,6000,EUR,KWH,MSHH,LV,2011,0.1168,
ESTAT:TEN00117(1.0),27/10/22 23:00:00,A,6000,EUR,KWH,MSHH,LV,2012,0.1382,
ESTAT:TEN00117(1.0),27/10/22 23:00:00,A,6000,EUR,KWH,MSHH,LV,2013,0.1378,
ESTAT:TEN00117(1.0),27/10/22 23:00:00,A,6000,EUR,KWH,MSHH,LV,2014,0.1365,
ESTAT:TEN00117(1.0),27/10/22 23:00:00,A,6000,EUR,KWH,MSHH,LV,2015,0.1635,
ESTAT:TEN00117(1.0),27/10/22 23:00:00,A,6000,EUR,KWH,MSHH,LV,2016,0.1628,
ESTAT:TEN00117(1.0),27/10/22 23:00:00,A,6000,EUR,KWH,MSHH,LV,2017,0.1586,
ESTAT:TEN00117(1.0),27/10/22 23:00:00,A,6000,EUR,KWH,MSHH,LV,2018,0.1531,
ESTAT:TEN00117(1.0),27/10/22 23:00:00,A,6000,EUR,KWH,MSHH,LV,2019,0.1629,
ESTAT:TEN00117(1.0),27/10/22 23:00:00,A,6000,EUR,KWH,MSHH,LV,2020,0.1420,
ESTAT:TEN00117(1.0),27/10/22 23:00:00,A,6000,EUR,KWH,MSHH,LV,2021,0.1403,
ESTAT:TEN00117(1.0),27/10/22 23:00:00,A,6000,EUR,KWH,MSHH,MD,2015,0.0819,
ESTAT:TEN00117(1.0),27/10/22 23:00:00,A,6000,EUR,KWH,MSHH,MD,2016,0.0962,
ESTAT:TEN00117(1.0),27/10/22 23:00:00,A,6000,EUR,KWH,MSHH,MD,2017,0.0977,
ESTAT:TEN00117(1.0),27/10/22 23:00:00,A,6000,EUR,KWH,MSHH,MD,2018,0.1020,
ESTAT:TEN00117(1.0),27/10/22 23:00:00,A,6000,EUR,KWH,MSHH,MD,2019,0.0936,
ESTAT:TEN00117(1.0),27/10/22 23:00:00,A,6000,EUR,KWH,MSHH,MD,2020,0.1068,
ESTAT:TEN00117(1.0),27/10/22 23:00:00,A,6000,EUR,KWH,MSHH,MD,2021,0.0851,
ESTAT:TEN00117(1.0),27/10/22 23:00:00,A,6000,EUR,KWH,MSHH,ME,2011,0.0870,
ESTAT:TEN00117(1.0),27/10/22 23:00:00,A,6000,EUR,KWH,MSHH,ME,2012,0.0910,
ESTAT:TEN00117(1.0),27/10/22 23:00:00,A,6000,EUR,KWH,MSHH,ME,2013,0.0956,
ESTAT:TEN00117(1.0),27/10/22 23:00:00,A,6000,EUR,KWH,MSHH,ME,2014,0.0985,
ESTAT:TEN00117(1.0),27/10/22 23:00:00,A,6000,EUR,KWH,MSHH,ME,2015,0.0982,
ESTAT:TEN00117(1.0),27/10/22 23:00:00,A,6000,EUR,KWH,MSHH,ME,2016,0.0956,
ESTAT:TEN00117(1.0),27/10/22 23:00:00,A,6000,EUR,KWH,MSHH,ME,2017,0.0983,
ESTAT:TEN00117(1.0),27/10/22 23:00:00,A,6000,EUR,KWH,MSHH,ME,2018,0.1024,
ESTAT:TEN00117(1.0),27/10/22 23:00:00,A,6000,EUR,KWH,MSHH,ME,2019,0.1032,
ESTAT:TEN00117(1.0),27/10/22 23:00:00,A,6000,EUR,KWH,MSHH,ME,2020,0.0988,
ESTAT:TEN00117(1.0),27/10/22 23:00:00,A,6000,EUR,KWH,MSHH,ME,2021,0.0980,
ESTAT:TEN00117(1.0),27/10/22 23:00:00,A,6000,EUR,KWH,MSHH,MK,2013,0.0810,
ESTAT:TEN00117(1.0),27/10/22 23:00:00,A,6000,EUR,KWH,MSHH,MK,2014,0.0785,
ESTAT:TEN00117(1.0),27/10/22 23:00:00,A,6000,EUR,KWH,MSHH,MK,2015,0.0826,
ESTAT:TEN00117(1.0),27/10/22 23:00:00,A,6000,EUR,KWH,MSHH,MK,2016,0.0822,
ESTAT:TEN00117(1.0),27/10/22 23:00:00,A,6000,EUR,KWH,MSHH,MK,2017,0.0820,
ESTAT:TEN00117(1.0),27/10/22 23:00:00,A,6000,EUR,KWH,MSHH,MK,2018,0.0781,
ESTAT:TEN00117(1.0),27/10/22 23:00:00,A,6000,EUR,KWH,MSHH,MK,2019,0.0783,
ESTAT:TEN00117(1.0),27/10/22 23:00:00,A,6000,EUR,KWH,MSHH,MK,2020,0.0782,
ESTAT:TEN00117(1.0),27/10/22 23:00:00,A,6000,EUR,KWH,MSHH,MK,2021,0.0841,
ESTAT:TEN00117(1.0),27/10/22 23:00:00,A,6000,EUR,KWH,MSHH,MT,2010,0.1647,
ESTAT:TEN00117(1.0),27/10/22 23:00:00,A,6000,EUR,KWH,MSHH,MT,2011,0.1651,
ESTAT:TEN00117(1.0),27/10/22 23:00:00,A,6000,EUR,KWH,MSHH,MT,2012,0.1673,
ESTAT:TEN00117(1.0),27/10/22 23:00:00,A,6000,EUR,KWH,MSHH,MT,2013,0.1664,
ESTAT:TEN00117(1.0),27/10/22 23:00:00,A,6000,EUR,KWH,MSHH,MT,2014,0.1474,
ESTAT:TEN00117(1.0),27/10/22 23:00:00,A,6000,EUR,KWH,MSHH,MT,2015,0.1257,
ESTAT:TEN00117(1.0),27/10/22 23:00:00,A,6000,EUR,KWH,MSHH,MT,2016,0.1257,
ESTAT:TEN00117(1.0),27/10/22 23:00:00,A,6000,EUR,KWH,MSHH,MT,2017,0.1328,
ESTAT:TEN00117(1.0),27/10/22 23:00:00,A,6000,EUR,KWH,MSHH,MT,2018,0.1285,
ESTAT:TEN00117(1.0),27/10/22 23:00:00,A,6000,EUR,KWH,MSHH,MT,2019,0.1290,
ESTAT:TEN00117(1.0),27/10/22 23:00:00,A,6000,EUR,KWH,MSHH,MT,2020,0.1284,
ESTAT:TEN00117(1.0),27/10/22 23:00:00,A,6000,EUR,KWH,MSHH,MT,2021,0.1285,
ESTAT:TEN00117(1.0),27/10/22 23:00:00,A,6000,EUR,KWH,MSHH,NL,2010,0.1767,
ESTAT:TEN00117(1.0),27/10/22 23:00:00,A,6000,EUR,KWH,MSHH,NL,2011,0.1802,
ESTAT:TEN00117(1.0),27/10/22 23:00:00,A,6000,EUR,KWH,MSHH,NL,2012,0.1850,
ESTAT:TEN00117(1.0),27/10/22 23:00:00,A,6000,EUR,KWH,MSHH,NL,2013,0.1898,
ESTAT:TEN00117(1.0),27/10/22 23:00:00,A,6000,EUR,KWH,MSHH,NL,2014,0.1841,
ESTAT:TEN00117(1.0),27/10/22 23:00:00,A,6000,EUR,KWH,MSHH,NL,2015,0.1986,
ESTAT:TEN00117(1.0),27/10/22 23:00:00,A,6000,EUR,KWH,MSHH,NL,2016,0.1620,
ESTAT:TEN00117(1.0),27/10/22 23:00:00,A,6000,EUR,KWH,MSHH,NL,2017,0.1562,
ESTAT:TEN00117(1.0),27/10/22 23:00:00,A,6000,EUR,KWH,MSHH,NL,2018,0.1706,
ESTAT:TEN00117(1.0),27/10/22 23:00:00,A,6000,EUR,KWH,MSHH,NL,2019,0.2067,
ESTAT:TEN00117(1.0),27/10/22 23:00:00,A,6000,EUR,KWH,MSHH,NL,2020,0.1427,
ESTAT:TEN00117(1.0),27/10/22 23:00:00,A,6000,EUR,KWH,MSHH,NL,2021,0.1281,
ESTAT:TEN00117(1.0),27/10/22 23:00:00,A,6000,EUR,KWH,MSHH,NO,2010,0.2027,
ESTAT:TEN00117(1.0),27/10/22 23:00:00,A,6000,EUR,KWH,MSHH,NO,2011,0.2133,
ESTAT:TEN00117(1.0),27/10/22 23:00:00,A,6000,EUR,KWH,MSHH,NO,2012,0.1881,
ESTAT:TEN00117(1.0),27/10/22 23:00:00,A,6000,EUR,KWH,MSHH,NO,2013,0.1909,
ESTAT:TEN00117(1.0),27/10/22 23:00:00,A,6000,EUR,KWH,MSHH,NO,2014,0.1653,
ESTAT:TEN00117(1.0),27/10/22 23:00:00,A,6000,EUR,KWH,MSHH,NO,2015,0.1614,
ESTAT:TEN00117(1.0),27/10/22 23:00:00,A,6000,EUR,KWH,MSHH,NO,2016,0.1515,
ESTAT:TEN00117(1.0),27/10/22 23:00:00,A,6000,EUR,KWH,MSHH,NO,2017,0.1642,
ESTAT:TEN00117(1.0),27/10/22 23:00:00,A,6000,EUR,KWH,MSHH,NO,2018,0.1751,
ESTAT:TEN00117(1.0),27/10/22 23:00:00,A,6000,EUR,KWH,MSHH,NO,2019,0.1867,
ESTAT:TEN00117(1.0),27/10/22 23:00:00,A,6000,EUR,KWH,MSHH,NO,2020,0.1355,
ESTAT:TEN00117(1.0),27/10/22 23:00:00,A,6000,EUR,KWH,MSHH,NO,2021,0.1826,
ESTAT:TEN00117(1.0),27/10/22 23:00:00,A,6000,EUR,KWH,MSHH,PL,2010,0.1341,
ESTAT:TEN00117(1.0),27/10/22 23:00:00,A,6000,EUR,KWH,MSHH,PL,2011,0.1471,
ESTAT:TEN00117(1.0),27/10/22 23:00:00,A,6000,EUR,KWH,MSHH,PL,2012,0.1418,
ESTAT:TEN00117(1.0),27/10/22 23:00:00,A,6000,EUR,KWH,MSHH,PL,2013,0.1480,
ESTAT:TEN00117(1.0),27/10/22 23:00:00,A,6000,EUR,KWH,MSHH,PL,2014,0.1421,
ESTAT:TEN00117(1.0),27/10/22 23:00:00,A,6000,EUR,KWH,MSHH,PL,2015,0.1444,
ESTAT:TEN00117(1.0),27/10/22 23:00:00,A,6000,EUR,KWH,MSHH,PL,2016,0.1332,
ESTAT:TEN00117(1.0),27/10/22 23:00:00,A,6000,EUR,KWH,MSHH,PL,2017,0.1446,
ESTAT:TEN00117(1.0),27/10/22 23:00:00,A,6000,EUR,KWH,MSHH,PL,2018,0.1410,
ESTAT:TEN00117(1.0),27/10/22 23:00:00,A,6000,EUR,KWH,MSHH,PL,2019,0.1343,
ESTAT:TEN00117(1.0),27/10/22 23:00:00,A,6000,EUR,KWH,MSHH,PL,2020,0.1475,
ESTAT:TEN00117(1.0),27/10/22 23:00:00,A,6000,EUR,KWH,MSHH,PL,2021,0.1548,
ESTAT:TEN00117(1.0),27/10/22 23:00:00,A,6000,EUR,KWH,MSHH,PT,2010,0.1584,
ESTAT:TEN00117(1.0),27/10/22 23:00:00,A,6000,EUR,KWH,MSHH,PT,2011,0.1654,
ESTAT:TEN00117(1.0),27/10/22 23:00:00,A,6000,EUR,KWH,MSHH,PT,2012,0.1993,
ESTAT:TEN00117(1.0),27/10/22 23:00:00,A,6000,EUR,KWH,MSHH,PT,2013,0.2081,
ESTAT:TEN00117(1.0),27/10/22 23:00:00,A,6000,EUR,KWH,MSHH,PT,2014,0.2175,
ESTAT:TEN00117(1.0),27/10/22 23:00:00,A,6000,EUR,KWH,MSHH,PT,2015,0.2279,
ESTAT:TEN00117(1.0),27/10/22 23:00:00,A,6000,EUR,KWH,MSHH,PT,2016,0.2350,
ESTAT:TEN00117(1.0),27/10/22 23:00:00,A,6000,EUR,KWH,MSHH,PT,2017,0.2284,
ESTAT:TEN00117(1.0),27/10/22 23:00:00,A,6000,EUR,KWH,MSHH,PT,2018,0.2246,
ESTAT:TEN00117(1.0),27/10/22 23:00:00,A,6000,EUR,KWH,MSHH,PT,2019,0.2150,
ESTAT:TEN00117(1.0),27/10/22 23:00:00,A,6000,EUR,KWH,MSHH,PT,2020,0.2120,
ESTAT:TEN00117(1.0),27/10/22 23:00:00,A,6000,EUR,KWH,MSHH,PT,2021,0.2089,
ESTAT:TEN00117(1.0),27/10/22 23:00:00,A,6000,EUR,KWH,MSHH,RO,2010,0.1031,
ESTAT:TEN00117(1.0),27/10/22 23:00:00,A,6000,EUR,KWH,MSHH,RO,2011,0.1082,
ESTAT:TEN00117(1.0),27/10/22 23:00:00,A,6000,EUR,KWH,MSHH,RO,2012,0.1050,
ESTAT:TEN00117(1.0),27/10/22 23:00:00,A,6000,EUR,KWH,MSHH,RO,2013,0.1323,
ESTAT:TEN00117(1.0),27/10/22 23:00:00,A,6000,EUR,KWH,MSHH,RO,2014,0.1290,
ESTAT:TEN00117(1.0),27/10/22 23:00:00,A,6000,EUR,KWH,MSHH,RO,2015,0.1303,
ESTAT:TEN00117(1.0),27/10/22 23:00:00,A,6000,EUR,KWH,MSHH,RO,2016,0.1260,
ESTAT:TEN00117(1.0),27/10/22 23:00:00,A,6000,EUR,KWH,MSHH,RO,2017,0.1198,
ESTAT:TEN00117(1.0),27/10/22 23:00:00,A,6000,EUR,KWH,MSHH,RO,2018,0.1333,
ESTAT:TEN00117(1.0),27/10/22 23:00:00,A,6000,EUR,KWH,MSHH,RO,2019,0.1358,
ESTAT:TEN00117(1.0),27/10/22 23:00:00,A,6000,EUR,KWH,MSHH,RO,2020,0.1459,
ESTAT:TEN00117(1.0),27/10/22 23:00:00,A,6000,EUR,KWH,MSHH,RO,2021,0.1536,
ESTAT:TEN00117(1.0),27/10/22 23:00:00,A,6000,EUR,KWH,MSHH,RS,2013,0.0564,
ESTAT:TEN00117(1.0),27/10/22 23:00:00,A,6000,EUR,KWH,MSHH,RS,2014,0.0607,
ESTAT:TEN00117(1.0),27/10/22 23:00:00,A,6000,EUR,KWH,MSHH,RS,2015,0.0575,
ESTAT:TEN00117(1.0),27/10/22 23:00:00,A,6000,EUR,KWH,MSHH,RS,2016,0.0641,
ESTAT:TEN00117(1.0),27/10/22 23:00:00,A,6000,EUR,KWH,MSHH,RS,2017,0.0664,
ESTAT:TEN00117(1.0),27/10/22 23:00:00,A,6000,EUR,KWH,MSHH,RS,2018,0.0705,
ESTAT:TEN00117(1.0),27/10/22 23:00:00,A,6000,EUR,KWH,MSHH,RS,2019,0.0706,
ESTAT:TEN00117(1.0),27/10/22 23:00:00,A,6000,EUR,KWH,MSHH,RS,2020,0.0738,
ESTAT:TEN00117(1.0),27/10/22 23:00:00,A,6000,EUR,KWH,MSHH,RS,2021,0.0791,
ESTAT:TEN00117(1.0),27/10/22 23:00:00,A,6000,EUR,KWH,MSHH,SE,2010,0.1839,
ESTAT:TEN00117(1.0),27/10/22 23:00:00,A,6000,EUR,KWH,MSHH,SE,2011,0.2092,
ESTAT:TEN00117(1.0),27/10/22 23:00:00,A,6000,EUR,KWH,MSHH,SE,2012,0.2027,
ESTAT:TEN00117(1.0),27/10/22 23:00:00,A,6000,EUR,KWH,MSHH,SE,2013,0.2101,
ESTAT:TEN00117(1.0),27/10/22 23:00:00,A,6000,EUR,KWH,MSHH,SE,2014,0.1967,
ESTAT:TEN00117(1.0),27/10/22 23:00:00,A,6000,EUR,KWH,MSHH,SE,2015,0.1872,e
ESTAT:TEN00117(1.0),27/10/22 23:00:00,A,6000,EUR,KWH,MSHH,SE,2016,0.1915,e
ESTAT:TEN00117(1.0),27/10/22 23:00:00,A,6000,EUR,KWH,MSHH,SE,2017,0.1955,e
ESTAT:TEN00117(1.0),27/10/22 23:00:00,A,6000,EUR,KWH,MSHH,SE,2018,0.1910,e
ESTAT:TEN00117(1.0),27/10/22 23:00:00,A,6000,EUR,KWH,MSHH,SE,2019,0.2033,e
ESTAT:TEN00117(1.0),27/10/22 23:00:00,A,6000,EUR,KWH,MSHH,SE,2020,0.1826,e
ESTAT:TEN00117(1.0),27/10/22 23:00:00,A,6000,EUR,KWH,MSHH,SE,2021,0.2114,e
ESTAT:TEN00117(1.0),27/10/22 23:00:00,A,6000,EUR,KWH,MSHH,SI,2010,0.1401,
ESTAT:TEN00117(1.0),27/10/22 23:00:00,A,6000,EUR,KWH,MSHH,SI,2011,0.1441,
ESTAT:TEN00117(1.0),27/10/22 23:00:00,A,6000,EUR,KWH,MSHH,SI,2012,0.1542,
ESTAT:TEN00117(1.0),27/10/22 23:00:00,A,6000,EUR,KWH,MSHH,SI,2013,0.1610,
ESTAT:TEN00117(1.0),27/10/22 23:00:00,A,6000,EUR,KWH,MSHH,SI,2014,0.1630,
ESTAT:TEN00117(1.0),27/10/22 23:00:00,A,6000,EUR,KWH,MSHH,SI,2015,0.1589,
ESTAT:TEN00117(1.0),27/10/22 23:00:00,A,6000,EUR,KWH,MSHH,SI,2016,0.1618,
ESTAT:TEN00117(1.0),27/10/22 23:00:00,A,6000,EUR,KWH,MSHH,SI,2017,0.1609,
ESTAT:TEN00117(1.0),27/10/22 23:00:00,A,6000,EUR,KWH,MSHH,SI,2018,0.1613,
ESTAT:TEN00117(1.0),27/10/22 23:00:00,A,6000,EUR,KWH,MSHH,SI,2019,0.1634,
ESTAT:TEN00117(1.0),27/10/22 23:00:00,A,6000,EUR,KWH,MSHH,SI,2020,0.1448,
ESTAT:TEN00117(1.0),27/10/22 23:00:00,A,6000,EUR,KWH,MSHH,SI,2021,0.1662,
ESTAT:TEN00117(1.0),27/10/22 23:00:00,A,6000,EUR,KWH,MSHH,SK,2010,0.1520,
ESTAT:TEN00117(1.0),27/10/22 23:00:00,A,6000,EUR,KWH,MSHH,SK,2011,0.1682,
ESTAT:TEN00117(1.0),27/10/22 23:00:00,A,6000,EUR,KWH,MSHH,SK,2012,0.1716,
ESTAT:TEN00117(1.0),27/10/22 23:00:00,A,6000,EUR,KWH,MSHH,SK,2013,0.1698,
ESTAT:TEN00117(1.0),27/10/22 23:00:00,A,6000,EUR,KWH,MSHH,SK,2014,0.1507,
ESTAT:TEN00117(1.0),27/10/22 23:00:00,A,6000,EUR,KWH,MSHH,SK,2015,0.1506,
ESTAT:TEN00117(1.0),27/10/22 23:00:00,A,6000,EUR,KWH,MSHH,SK,2016,0.1423,
ESTAT:TEN00117(1.0),27/10/22 23:00:00,A,6000,EUR,KWH,MSHH,SK,2017,0.1435,
ESTAT:TEN00117(1.0),27/10/22 23:00:00,A,6000,EUR,KWH,MSHH,SK,2018,0.1566,
ESTAT:TEN00117(1.0),27/10/22 23:00:00,A,6000,EUR,KWH,MSHH,SK,2019,0.1577,
ESTAT:TEN00117(1.0),27/10/22 23:00:00,A,6000,EUR,KWH,MSHH,SK,2020,0.1686,
ESTAT:TEN00117(1.0),27/10/22 23:00:00,A,6000,EUR,KWH,MSHH,SK,2021,0.1668,
ESTAT:TEN00117(1.0),27/10/22 23:00:00,A,6000,EUR,KWH,MSHH,TR,2010,0.1342,
ESTAT:TEN00117(1.0),27/10/22 23:00:00,A,6000,EUR,KWH,MSHH,TR,2011,0.1218,
ESTAT:TEN00117(1.0),27/10/22 23:00:00,A,6000,EUR,KWH,MSHH,TR,2012,0.1310,
ESTAT:TEN00117(1.0),27/10/22 23:00:00,A,6000,EUR,KWH,MSHH,TR,2013,0.1495,
ESTAT:TEN00117(1.0),27/10/22 23:00:00,A,6000,EUR,KWH,MSHH,TR,2014,0.1192,
ESTAT:TEN00117(1.0),27/10/22 23:00:00,A,6000,EUR,KWH,MSHH,TR,2015,0.1360,
ESTAT:TEN00117(1.0),27/10/22 23:00:00,A,6000,EUR,KWH,MSHH,TR,2016,0.1267,
ESTAT:TEN00117(1.0),27/10/22 23:00:00,A,6000,EUR,KWH,MSHH,TR,2017,0.1048,
ESTAT:TEN00117(1.0),27/10/22 23:00:00,A,6000,EUR,KWH,MSHH,TR,2018,0.0904,
ESTAT:TEN00117(1.0),27/10/22 23:00:00,A,6000,EUR,KWH,MSHH,TR,2019,0.0847,
ESTAT:TEN00117(1.0),27/10/22 23:00:00,A,6000,EUR,KWH,MSHH,TR,2020,0.0995,
ESTAT:TEN00117(1.0),27/10/22 23:00:00,A,6000,EUR,KWH,MSHH,TR,2021,0.0834,
ESTAT:TEN00117(1.0),27/10/22 23:00:00,A,6000,EUR,KWH,MSHH,UA,2016,0.0249,p
ESTAT:TEN00117(1.0),27/10/22 23:00:00,A,6000,EUR,KWH,MSHH,UA,2017,0.0393,
ESTAT:TEN00117(1.0),27/10/22 23:00:00,A,6000,EUR,KWH,MSHH,UA,2018,0.0410,
ESTAT:TEN00117(1.0),27/10/22 23:00:00,A,6000,EUR,KWH,MSHH,UA,2019,0.0442,
ESTAT:TEN00117(1.0),27/10/22 23:00:00,A,6000,EUR,KWH,MSHH,UA,2020,0.0466,
ESTAT:TEN00117(1.0),27/10/22 23:00:00,A,6000,EUR,KWH,MSHH,UA,2021,0.0485,
ESTAT:TEN00117(1.0),27/10/22 23:00:00,A,6000,EUR,KWH,MSHH,UK,2010,0.1386,
ESTAT:TEN00117(1.0),27/10/22 23:00:00,A,6000,EUR,KWH,MSHH,UK,2011,0.1433,
ESTAT:TEN00117(1.0),27/10/22 23:00:00,A,6000,EUR,KWH,MSHH,UK,2012,0.1682,
ESTAT:TEN00117(1.0),27/10/22 23:00:00,A,6000,EUR,KWH,MSHH,UK,2013,0.1741,
ESTAT:TEN00117(1.0),27/10/22 23:00:00,A,6000,EUR,KWH,MSHH,UK,2014,0.1918,
ESTAT:TEN00117(1.0),27/10/22 23:00:00,A,6000,EUR,KWH,MSHH,UK,2015,0.2125,
ESTAT:TEN00117(1.0),27/10/22 23:00:00,A,6000,EUR,KWH,MSHH,UK,2016,0.1951,
ESTAT:TEN00117(1.0),27/10/22 23:00:00,A,6000,EUR,KWH,MSHH,UK,2017,0.1766,
ESTAT:TEN00117(1.0),27/10/22 23:00:00,A,6000,EUR,KWH,MSHH,UK,2018,0.1887,
ESTAT:TEN00117(1.0),27/10/22 23:00:00,A,6000,EUR,KWH,MSHH,UK,2019,0.2122,
ESTAT:TEN00117(1.0),27/10/22 23:00:00,A,6000,EUR,KWH,MSHH,UK,2021,0.2203,
ESTAT:TEN00117(1.0),27/10/22 23:00:00,A,6000,EUR,KWH,MSHH,XK,2013,0.0564,
ESTAT:TEN00117(1.0),27/10/22 23:00:00,A,6000,EUR,KWH,MSHH,XK,2014,0.0552,
ESTAT:TEN00117(1.0),27/10/22 23:00:00,A,6000,EUR,KWH,MSHH,XK,2015,0.0625,
ESTAT:TEN00117(1.0),27/10/22 23:00:00,A,6000,EUR,KWH,MSHH,XK,2016,0.0590,
ESTAT:TEN00117(1.0),27/10/22 23:00:00,A,6000,EUR,KWH,MSHH,XK,2017,0.0662,
ESTAT:TEN00117(1.0),27/10/22 23:00:00,A,6000,EUR,KWH,MSHH,XK,2018,0.0633,
ESTAT:TEN00117(1.0),27/10/22 23:00:00,A,6000,EUR,KWH,MSHH,XK,2019,0.0600,
ESTAT:TEN00117(1.0),27/10/22 23:00:00,A,6000,EUR,KWH,MSHH,XK,2020,0.0605,
ESTAT:TEN00117(1.0),27/10/22 23:00:00,A,6000,EUR,KWH,MSHH,XK,2021,0.0605,
