"TIME","NAME","PLANT_TEC","UNIT","PV_FLAECHE","Flag and Footnotes"
"2011","European Union - 27 countries (from 2020)","Solar collectors surface","Thousand square metres","37,676.984",""
"2011","Euro area - 19 countries  (from 2015)","Solar collectors surface","Thousand square metres","34,795.984",""
"2011","Belgium","Solar collectors surface","Thousand square metres","409.700",""
"2011","Bulgaria","Solar collectors surface","Thousand square metres","230.000",""
"2011","Czechia","Solar collectors surface","Thousand square metres","359.000",""
"2011","Denmark","Solar collectors surface","Thousand square metres","556.000",""
"2011","Germany","Solar collectors surface","Thousand square metres","15,100.000",""
"2011","Estonia","Solar collectors surface","Thousand square metres","0.000",""
"2011","Ireland","Solar collectors surface","Thousand square metres","223.391",""
"2011","Greece","Solar collectors surface","Thousand square metres","4,090.000",""
"2011","Spain","Solar collectors surface","Thousand square metres","2,371.729",""
"2011","France","Solar collectors surface","Thousand square metres","2,204.051",""
"2011","Croatia","Solar collectors surface","Thousand square metres","106.000",""
"2011","Italy","Solar collectors surface","Thousand square metres","2,744.000",""
"2011","Cyprus","Solar collectors surface","Thousand square metres","937.000",""
"2011","Latvia","Solar collectors surface","Thousand square metres","0.000",""
"2011","Lithuania","Solar collectors surface","Thousand square metres","0.000",""
"2011","Luxembourg","Solar collectors surface","Thousand square metres","35.076",""
"2011","Hungary","Solar collectors surface","Thousand square metres","170.000",""
"2011","Malta","Solar collectors surface","Thousand square metres","54.800",""
"2011","Netherlands","Solar collectors surface","Thousand square metres","601.000",""
"2011","Austria","Solar collectors surface","Thousand square metres","4,776.298",""
"2011","Poland","Solar collectors surface","Thousand square metres","909.000",""
"2011","Portugal","Solar collectors surface","Thousand square metres","876.000",""
"2011","Romania","Solar collectors surface","Thousand square metres","105.000",""
"2011","Slovenia","Solar collectors surface","Thousand square metres","192.939",""
"2011","Slovakia","Solar collectors surface","Thousand square metres","146.000",""
"2011","Finland","Solar collectors surface","Thousand square metres","34.000",""
"2011","Sweden","Solar collectors surface","Thousand square metres","446.000",""
"2011","Iceland","Solar collectors surface","Thousand square metres","0.000",""
"2011","Liechtenstein","Solar collectors surface","Thousand square metres",":",""
"2011","Norway","Solar collectors surface","Thousand square metres","0.000",""
"2011","United Kingdom","Solar collectors surface","Thousand square metres","1,173.000",""
"2011","Montenegro","Solar collectors surface","Thousand square metres","0.000",""
"2011","North Macedonia","Solar collectors surface","Thousand square metres","0.000",""
"2011","Albania","Solar collectors surface","Thousand square metres","91.000",""
"2011","Serbia","Solar collectors surface","Thousand square metres","0.000",""
"2011","T�rkiye","Solar collectors surface","Thousand square metres","18,000.000",""
"2011","Bosnia and Herzegovina","Solar collectors surface","Thousand square metres",":",""
"2011","Kosovo (under United Nations Security Council Resolution 1244/99)","Solar collectors surface","Thousand square metres","0.000",""
"2011","Moldova","Solar collectors surface","Thousand square metres","0.000",""
"2011","Ukraine","Solar collectors surface","Thousand square metres","0.000",""
"2011","Georgia","Solar collectors surface","Thousand square metres",":",""
"2012","European Union - 27 countries (from 2020)","Solar collectors surface","Thousand square metres","40,241.953",""
"2012","Euro area - 19 countries  (from 2015)","Solar collectors surface","Thousand square metres","37,013.953",""
"2012","Belgium","Solar collectors surface","Thousand square metres","447.500",""
"2012","Bulgaria","Solar collectors surface","Thousand square metres","256.000",""
"2012","Czechia","Solar collectors surface","Thousand square metres","398.000",""
"2012","Denmark","Solar collectors surface","Thousand square metres","597.000",""
"2012","Germany","Solar collectors surface","Thousand square metres","16,140.000",""
"2012","Estonia","Solar collectors surface","Thousand square metres","0.000",""
"2012","Ireland","Solar collectors surface","Thousand square metres","251.144",""
"2012","Greece","Solar collectors surface","Thousand square metres","4,122.000",""
"2012","Spain","Solar collectors surface","Thousand square metres","2,595.401",""
"2012","France","Solar collectors surface","Thousand square metres","2,461.061",""
"2012","Croatia","Solar collectors surface","Thousand square metres","125.000",""
"2012","Italy","Solar collectors surface","Thousand square metres","3,018.000",""
"2012","Cyprus","Solar collectors surface","Thousand square metres","959.000",""
"2012","Latvia","Solar collectors surface","Thousand square metres","0.000",""
"2012","Lithuania","Solar collectors surface","Thousand square metres","0.000",""
"2012","Luxembourg","Solar collectors surface","Thousand square metres","44.829",""
"2012","Hungary","Solar collectors surface","Thousand square metres","220.000",""
"2012","Malta","Solar collectors surface","Thousand square metres","60.030",""
"2012","Netherlands","Solar collectors surface","Thousand square metres","615.000",""
"2012","Austria","Solar collectors surface","Thousand square metres","4,929.658",""
"2012","Poland","Solar collectors surface","Thousand square metres","1,200.000",""
"2012","Portugal","Solar collectors surface","Thousand square metres","967.000",""
"2012","Romania","Solar collectors surface","Thousand square metres","110.000",""
"2012","Slovenia","Solar collectors surface","Thousand square metres","212.330",""
"2012","Slovakia","Solar collectors surface","Thousand square metres","154.000",""
"2012","Finland","Solar collectors surface","Thousand square metres","37.000",""
"2012","Sweden","Solar collectors surface","Thousand square metres","322.000",""
"2012","Iceland","Solar collectors surface","Thousand square metres","0.000",""
"2012","Liechtenstein","Solar collectors surface","Thousand square metres",":",""
"2012","Norway","Solar collectors surface","Thousand square metres","0.000",""
"2012","United Kingdom","Solar collectors surface","Thousand square metres","1,252.000",""
"2012","Montenegro","Solar collectors surface","Thousand square metres","0.000",""
"2012","North Macedonia","Solar collectors surface","Thousand square metres","0.000",""
"2012","Albania","Solar collectors surface","Thousand square metres","112.000",""
"2012","Serbia","Solar collectors surface","Thousand square metres","0.000",""
"2012","T�rkiye","Solar collectors surface","Thousand square metres","18,000.000",""
"2012","Bosnia and Herzegovina","Solar collectors surface","Thousand square metres",":",""
"2012","Kosovo (under United Nations Security Council Resolution 1244/99)","Solar collectors surface","Thousand square metres","0.000",""
"2012","Moldova","Solar collectors surface","Thousand square metres","0.000",""
"2012","Ukraine","Solar collectors surface","Thousand square metres","0.000",""
"2012","Georgia","Solar collectors surface","Thousand square metres",":",""
"2013","European Union - 27 countries (from 2020)","Solar collectors surface","Thousand square metres","42,971.807",""
"2013","Euro area - 19 countries  (from 2015)","Solar collectors surface","Thousand square metres","39,076.807",""
"2013","Belgium","Solar collectors surface","Thousand square metres","570.000",""
"2013","Bulgaria","Solar collectors surface","Thousand square metres","309.000",""
"2013","Czechia","Solar collectors surface","Thousand square metres","427.000",""
"2013","Denmark","Solar collectors surface","Thousand square metres","712.000",""
"2013","Germany","Solar collectors surface","Thousand square metres","17,020.000",""
"2013","Estonia","Solar collectors surface","Thousand square metres","0.000",""
"2013","Ireland","Solar collectors surface","Thousand square metres","277.619",""
"2013","Greece","Solar collectors surface","Thousand square metres","4,181.000",""
"2013","Spain","Solar collectors surface","Thousand square metres","2,820.227",""
"2013","France","Solar collectors surface","Thousand square metres","2,663.917",""
"2013","Croatia","Solar collectors surface","Thousand square metres","143.000",""
"2013","Italy","Solar collectors surface","Thousand square metres","3,318.000",""
"2013","Cyprus","Solar collectors surface","Thousand square metres","977.000",""
"2013","Latvia","Solar collectors surface","Thousand square metres","0.000",""
"2013","Lithuania","Solar collectors surface","Thousand square metres","0.000",""
"2013","Luxembourg","Solar collectors surface","Thousand square metres","48.325",""
"2013","Hungary","Solar collectors surface","Thousand square metres","230.000",""
"2013","Malta","Solar collectors surface","Thousand square metres","63.240",""
"2013","Netherlands","Solar collectors surface","Thousand square metres","633.000",""
"2013","Austria","Solar collectors surface","Thousand square metres","5,059.018",""
"2013","Poland","Solar collectors surface","Thousand square metres","1,470.000",""
"2013","Portugal","Solar collectors surface","Thousand square metres","1,024.000",""
"2013","Romania","Solar collectors surface","Thousand square metres","129.000",""
"2013","Slovenia","Solar collectors surface","Thousand square metres","220.461",""
"2013","Slovakia","Solar collectors surface","Thousand square metres","160.000",""
"2013","Finland","Solar collectors surface","Thousand square metres","41.000",""
"2013","Sweden","Solar collectors surface","Thousand square metres","475.000",""
"2013","Iceland","Solar collectors surface","Thousand square metres","0.000",""
"2013","Liechtenstein","Solar collectors surface","Thousand square metres",":",""
"2013","Norway","Solar collectors surface","Thousand square metres","0.000",""
"2013","United Kingdom","Solar collectors surface","Thousand square metres","1,307.000",""
"2013","Montenegro","Solar collectors surface","Thousand square metres","0.000",""
"2013","North Macedonia","Solar collectors surface","Thousand square metres","0.000",""
"2013","Albania","Solar collectors surface","Thousand square metres","132.000",""
"2013","Serbia","Solar collectors surface","Thousand square metres","0.000",""
"2013","T�rkiye","Solar collectors surface","Thousand square metres","19,300.000",""
"2013","Bosnia and Herzegovina","Solar collectors surface","Thousand square metres",":",""
"2013","Kosovo (under United Nations Security Council Resolution 1244/99)","Solar collectors surface","Thousand square metres","5.000",""
"2013","Moldova","Solar collectors surface","Thousand square metres","0.000",""
"2013","Ukraine","Solar collectors surface","Thousand square metres","0.000",""
"2013","Georgia","Solar collectors surface","Thousand square metres","23.000",""
"2014","European Union - 27 countries (from 2020)","Solar collectors surface","Thousand square metres","45,142.616",""
"2014","Euro area - 19 countries  (from 2015)","Solar collectors surface","Thousand square metres","40,791.616",""
"2014","Belgium","Solar collectors surface","Thousand square metres","613.500",""
"2014","Bulgaria","Solar collectors surface","Thousand square metres","327.000",""
"2014","Czechia","Solar collectors surface","Thousand square metres","454.000",""
"2014","Denmark","Solar collectors surface","Thousand square metres","810.000",""
"2014","Germany","Solar collectors surface","Thousand square metres","17,746.000",""
"2014","Estonia","Solar collectors surface","Thousand square metres","0.000",""
"2014","Ireland","Solar collectors surface","Thousand square metres","300.183",""
"2014","Greece","Solar collectors surface","Thousand square metres","4,287.000",""
"2014","Spain","Solar collectors surface","Thousand square metres","3,066.670",""
"2014","France","Solar collectors surface","Thousand square metres","2,806.867",""
"2014","Croatia","Solar collectors surface","Thousand square metres","162.000",""
"2014","Italy","Solar collectors surface","Thousand square metres","3,538.000",""
"2014","Cyprus","Solar collectors surface","Thousand square metres","993.000",""
"2014","Latvia","Solar collectors surface","Thousand square metres","0.000",""
"2014","Lithuania","Solar collectors surface","Thousand square metres","0.000",""
"2014","Luxembourg","Solar collectors surface","Thousand square metres","52.428",""
"2014","Hungary","Solar collectors surface","Thousand square metres","250.000",""
"2014","Malta","Solar collectors surface","Thousand square metres","67.000",""
"2014","Netherlands","Solar collectors surface","Thousand square metres","644.000",""
"2014","Austria","Solar collectors surface","Thousand square metres","5,165.108",""
"2014","Poland","Solar collectors surface","Thousand square metres","1,730.000",""
"2014","Portugal","Solar collectors surface","Thousand square metres","1,079.000",""
"2014","Romania","Solar collectors surface","Thousand square metres","143.000",""
"2014","Slovenia","Solar collectors surface","Thousand square metres","221.860",""
"2014","Slovakia","Solar collectors surface","Thousand square metres","166.000",""
"2014","Finland","Solar collectors surface","Thousand square metres","45.000",""
"2014","Sweden","Solar collectors surface","Thousand square metres","475.000",""
"2014","Iceland","Solar collectors surface","Thousand square metres","0.000",""
"2014","Liechtenstein","Solar collectors surface","Thousand square metres","0.000",""
"2014","Norway","Solar collectors surface","Thousand square metres","0.000",""
"2014","United Kingdom","Solar collectors surface","Thousand square metres","1,352.000",""
"2014","Montenegro","Solar collectors surface","Thousand square metres","2.000",""
"2014","North Macedonia","Solar collectors surface","Thousand square metres","0.000",""
"2014","Albania","Solar collectors surface","Thousand square metres","156.000",""
"2014","Serbia","Solar collectors surface","Thousand square metres","0.000",""
"2014","T�rkiye","Solar collectors surface","Thousand square metres","19,490.000",""
"2014","Bosnia and Herzegovina","Solar collectors surface","Thousand square metres","0.000",""
"2014","Kosovo (under United Nations Security Council Resolution 1244/99)","Solar collectors surface","Thousand square metres","5.000",""
"2014","Moldova","Solar collectors surface","Thousand square metres","0.000",""
"2014","Ukraine","Solar collectors surface","Thousand square metres","0.000",""
"2014","Georgia","Solar collectors surface","Thousand square metres","38.000",""
"2015","European Union - 27 countries (from 2020)","Solar collectors surface","Thousand square metres","47,092.462",""
"2015","Euro area - 19 countries  (from 2015)","Solar collectors surface","Thousand square metres","42,252.533",""
"2015","Belgium","Solar collectors surface","Thousand square metres","659.500",""
"2015","Bulgaria","Solar collectors surface","Thousand square metres","344.000",""
"2015","Czechia","Solar collectors surface","Thousand square metres","480.000",""
"2015","Denmark","Solar collectors surface","Thousand square metres","1,015.929",""
"2015","Germany","Solar collectors surface","Thousand square metres","18,339.000",""
"2015","Estonia","Solar collectors surface","Thousand square metres","0.000",""
"2015","Ireland","Solar collectors surface","Thousand square metres","319.946",""
"2015","Greece","Solar collectors surface","Thousand square metres","4,390.000",""
"2015","Spain","Solar collectors surface","Thousand square metres","3,293.279",""
"2015","France","Solar collectors surface","Thousand square metres","2,917.493",""
"2015","Croatia","Solar collectors surface","Thousand square metres","183.000",""
"2015","Italy","Solar collectors surface","Thousand square metres","3,724.000",""
"2015","Cyprus","Solar collectors surface","Thousand square metres","1,009.000",""
"2015","Latvia","Solar collectors surface","Thousand square metres","0.000",""
"2015","Lithuania","Solar collectors surface","Thousand square metres","0.000",""
"2015","Luxembourg","Solar collectors surface","Thousand square metres","56.207",""
"2015","Hungary","Solar collectors surface","Thousand square metres","280.000",""
"2015","Malta","Solar collectors surface","Thousand square metres","70.000",""
"2015","Netherlands","Solar collectors surface","Thousand square metres","647.000",""
"2015","Austria","Solar collectors surface","Thousand square metres","5,261.228",""
"2015","Poland","Solar collectors surface","Thousand square metres","1,900.000",""
"2015","Portugal","Solar collectors surface","Thousand square metres","1,121.000",""
"2015","Romania","Solar collectors surface","Thousand square metres","159.000",""
"2015","Slovenia","Solar collectors surface","Thousand square metres","223.880",""
"2015","Slovakia","Solar collectors surface","Thousand square metres","171.000",""
"2015","Finland","Solar collectors surface","Thousand square metres","50.000",""
"2015","Sweden","Solar collectors surface","Thousand square metres","478.000",""
"2015","Iceland","Solar collectors surface","Thousand square metres","0.000",""
"2015","Liechtenstein","Solar collectors surface","Thousand square metres","0.000",""
"2015","Norway","Solar collectors surface","Thousand square metres","0.000",""
"2015","United Kingdom","Solar collectors surface","Thousand square metres","1,383.000",""
"2015","Montenegro","Solar collectors surface","Thousand square metres","2.000",""
"2015","North Macedonia","Solar collectors surface","Thousand square metres","0.000",""
"2015","Albania","Solar collectors surface","Thousand square metres","176.000",""
"2015","Serbia","Solar collectors surface","Thousand square metres","0.000",""
"2015","T�rkiye","Solar collectors surface","Thousand square metres","19,690.000",""
"2015","Bosnia and Herzegovina","Solar collectors surface","Thousand square metres","0.000",""
"2015","Kosovo (under United Nations Security Council Resolution 1244/99)","Solar collectors surface","Thousand square metres","5.000",""
"2015","Moldova","Solar collectors surface","Thousand square metres","0.000",""
"2015","Ukraine","Solar collectors surface","Thousand square metres","0.000",""
"2015","Georgia","Solar collectors surface","Thousand square metres","48.000",""
"2016","European Union - 27 countries (from 2020)","Solar collectors surface","Thousand square metres","48,806.422",""
"2016","Euro area - 19 countries  (from 2015)","Solar collectors surface","Thousand square metres","43,416.425",""
"2016","Belgium","Solar collectors surface","Thousand square metres","659.500",""
"2016","Bulgaria","Solar collectors surface","Thousand square metres","354.000",""
"2016","Czechia","Solar collectors surface","Thousand square metres","506.000",""
"2016","Denmark","Solar collectors surface","Thousand square metres","1,368.997",""
"2016","Germany","Solar collectors surface","Thousand square metres","18,812.000",""
"2016","Estonia","Solar collectors surface","Thousand square metres","0.000",""
"2016","Ireland","Solar collectors surface","Thousand square metres","343.251",""
"2016","Greece","Solar collectors surface","Thousand square metres","4,477.000",""
"2016","Spain","Solar collectors surface","Thousand square metres","3,497.111",""
"2016","France","Solar collectors surface","Thousand square metres","3,005.947",""
"2016","Croatia","Solar collectors surface","Thousand square metres","204.000",""
"2016","Italy","Solar collectors surface","Thousand square metres","3,891.000",""
"2016","Cyprus","Solar collectors surface","Thousand square metres","1,025.000",""
"2016","Latvia","Solar collectors surface","Thousand square metres","0.000",""
"2016","Lithuania","Solar collectors surface","Thousand square metres","0.000",""
"2016","Luxembourg","Solar collectors surface","Thousand square metres","59.550",""
"2016","Hungary","Solar collectors surface","Thousand square metres","292.000",""
"2016","Malta","Solar collectors surface","Thousand square metres","71.600",""
"2016","Netherlands","Solar collectors surface","Thousand square metres","652.000",""
"2016","Austria","Solar collectors surface","Thousand square metres","5,288.813",""
"2016","Poland","Solar collectors surface","Thousand square metres","2,016.000",""
"2016","Portugal","Solar collectors surface","Thousand square metres","1,176.000",""
"2016","Romania","Solar collectors surface","Thousand square metres","174.000",""
"2016","Slovenia","Solar collectors surface","Thousand square metres","225.653",""
"2016","Slovakia","Solar collectors surface","Thousand square metres","177.000",""
"2016","Finland","Solar collectors surface","Thousand square metres","55.000",""
"2016","Sweden","Solar collectors surface","Thousand square metres","475.000",""
"2016","Iceland","Solar collectors surface","Thousand square metres","0.000",""
"2016","Liechtenstein","Solar collectors surface","Thousand square metres","0.000",""
"2016","Norway","Solar collectors surface","Thousand square metres","0.000",""
"2016","United Kingdom","Solar collectors surface","Thousand square metres","1,400.000",""
"2016","Montenegro","Solar collectors surface","Thousand square metres","2.000",""
"2016","North Macedonia","Solar collectors surface","Thousand square metres","0.000",""
"2016","Albania","Solar collectors surface","Thousand square metres","196.000",""
"2016","Serbia","Solar collectors surface","Thousand square metres","0.000",""
"2016","T�rkiye","Solar collectors surface","Thousand square metres","20,080.000",""
"2016","Bosnia and Herzegovina","Solar collectors surface","Thousand square metres","0.000",""
"2016","Kosovo (under United Nations Security Council Resolution 1244/99)","Solar collectors surface","Thousand square metres","5.000",""
"2016","Moldova","Solar collectors surface","Thousand square metres","0.000",""
"2016","Ukraine","Solar collectors surface","Thousand square metres","0.000",""
"2016","Georgia","Solar collectors surface","Thousand square metres","62.000",""
"2017","European Union - 27 countries (from 2020)","Solar collectors surface","Thousand square metres","50,007.610",""
"2017","Euro area - 19 countries  (from 2015)","Solar collectors surface","Thousand square metres","44,236.526",""
"2017","Belgium","Solar collectors surface","Thousand square metres","686.400",""
"2017","Bulgaria","Solar collectors surface","Thousand square metres","378.000",""
"2017","Czechia","Solar collectors surface","Thousand square metres","524.000",""
"2017","Denmark","Solar collectors surface","Thousand square metres","1,542.384",""
"2017","Germany","Solar collectors surface","Thousand square metres","19,091.000",""
"2017","Estonia","Solar collectors surface","Thousand square metres","0.000",""
"2017","Ireland","Solar collectors surface","Thousand square metres","311.216",""
"2017","Greece","Solar collectors surface","Thousand square metres","4,596.000",""
"2017","Spain","Solar collectors surface","Thousand square metres","3,688.174",""
"2017","France","Solar collectors surface","Thousand square metres","3,094.442",""
"2017","Croatia","Solar collectors surface","Thousand square metres","226.700",""
"2017","Italy","Solar collectors surface","Thousand square metres","4,050.666",""
"2017","Cyprus","Solar collectors surface","Thousand square metres","1,043.860",""
"2017","Latvia","Solar collectors surface","Thousand square metres","0.000",""
"2017","Lithuania","Solar collectors surface","Thousand square metres","0.000",""
"2017","Luxembourg","Solar collectors surface","Thousand square metres","62.909",""
"2017","Hungary","Solar collectors surface","Thousand square metres","308.000",""
"2017","Malta","Solar collectors surface","Thousand square metres","72.249",""
"2017","Netherlands","Solar collectors surface","Thousand square metres","650.000",""
"2017","Austria","Solar collectors surface","Thousand square metres","5,172.185",""
"2017","Poland","Solar collectors surface","Thousand square metres","2,131.000",""
"2017","Portugal","Solar collectors surface","Thousand square metres","1,231.105",""
"2017","Romania","Solar collectors surface","Thousand square metres","189.000",""
"2017","Slovenia","Solar collectors surface","Thousand square metres","225.320",""
"2017","Slovakia","Solar collectors surface","Thousand square metres","201.000",""
"2017","Finland","Solar collectors surface","Thousand square metres","60.000",""
"2017","Sweden","Solar collectors surface","Thousand square metres","472.000",""
"2017","Iceland","Solar collectors surface","Thousand square metres","0.000",""
"2017","Liechtenstein","Solar collectors surface","Thousand square metres","0.000",""
"2017","Norway","Solar collectors surface","Thousand square metres","0.000",""
"2017","United Kingdom","Solar collectors surface","Thousand square metres","1,428.000",""
"2017","Montenegro","Solar collectors surface","Thousand square metres","2.200",""
"2017","North Macedonia","Solar collectors surface","Thousand square metres","0.000",""
"2017","Albania","Solar collectors surface","Thousand square metres","201.000",""
"2017","Serbia","Solar collectors surface","Thousand square metres","0.000",""
"2017","T�rkiye","Solar collectors surface","Thousand square metres","20,000.000",""
"2017","Bosnia and Herzegovina","Solar collectors surface","Thousand square metres","0.000",""
"2017","Kosovo (under United Nations Security Council Resolution 1244/99)","Solar collectors surface","Thousand square metres","0.000",""
"2017","Moldova","Solar collectors surface","Thousand square metres","0.000",""
"2017","Ukraine","Solar collectors surface","Thousand square metres","0.000",""
"2017","Georgia","Solar collectors surface","Thousand square metres","58.000",""
"2018","European Union - 27 countries (from 2020)","Solar collectors surface","Thousand square metres","51,514.308",""
"2018","Euro area - 19 countries  (from 2015)","Solar collectors surface","Thousand square metres","45,064.805",""
"2018","Belgium","Solar collectors surface","Thousand square metres","705.800",""
"2018","Bulgaria","Solar collectors surface","Thousand square metres","401.498",""
"2018","Czechia","Solar collectors surface","Thousand square metres","539.000",""
"2018","Denmark","Solar collectors surface","Thousand square metres","1,830.555",""
"2018","Germany","Solar collectors surface","Thousand square metres","19,269.000",""
"2018","Estonia","Solar collectors surface","Thousand square metres","0.000",""
"2018","Ireland","Solar collectors surface","Thousand square metres","333.407",""
"2018","Greece","Solar collectors surface","Thousand square metres","4,691.000",""
"2018","Spain","Solar collectors surface","Thousand square metres","3,881.304",""
"2018","France","Solar collectors surface","Thousand square metres","3,218.301",""
"2018","Croatia","Solar collectors surface","Thousand square metres","246.100",""
"2018","Italy","Solar collectors surface","Thousand square metres","4,196.376",""
"2018","Cyprus","Solar collectors surface","Thousand square metres","1,064.662",""
"2018","Latvia","Solar collectors surface","Thousand square metres","0.000",""
"2018","Lithuania","Solar collectors surface","Thousand square metres","0.000",""
"2018","Luxembourg","Solar collectors surface","Thousand square metres","66.878",""
"2018","Hungary","Solar collectors surface","Thousand square metres","329.000",""
"2018","Malta","Solar collectors surface","Thousand square metres","72.858",""
"2018","Netherlands","Solar collectors surface","Thousand square metres","657.000",""
"2018","Austria","Solar collectors surface","Thousand square metres","5,123.303",""
"2018","Poland","Solar collectors surface","Thousand square metres","2,433.000",""
"2018","Portugal","Solar collectors surface","Thousand square metres","1,288.104",""
"2018","Romania","Solar collectors surface","Thousand square metres","204.350",""
"2018","Slovenia","Solar collectors surface","Thousand square metres","224.812",""
"2018","Slovakia","Solar collectors surface","Thousand square metres","206.000",""
"2018","Finland","Solar collectors surface","Thousand square metres","66.000",""
"2018","Sweden","Solar collectors surface","Thousand square metres","466.000",""
"2018","Iceland","Solar collectors surface","Thousand square metres","0.000",""
"2018","Liechtenstein","Solar collectors surface","Thousand square metres","0.000",""
"2018","Norway","Solar collectors surface","Thousand square metres","0.000",""
"2018","United Kingdom","Solar collectors surface","Thousand square metres","1,443.000",""
"2018","Montenegro","Solar collectors surface","Thousand square metres","2.200",""
"2018","North Macedonia","Solar collectors surface","Thousand square metres","0.000",""
"2018","Albania","Solar collectors surface","Thousand square metres","221.502",""
"2018","Serbia","Solar collectors surface","Thousand square metres","0.000",""
"2018","T�rkiye","Solar collectors surface","Thousand square metres","20,200.000",""
"2018","Bosnia and Herzegovina","Solar collectors surface","Thousand square metres","0.000",""
"2018","Kosovo (under United Nations Security Council Resolution 1244/99)","Solar collectors surface","Thousand square metres","5.000",""
"2018","Moldova","Solar collectors surface","Thousand square metres","0.000",""
"2018","Ukraine","Solar collectors surface","Thousand square metres","0.000",""
"2018","Georgia","Solar collectors surface","Thousand square metres","60.000",""
"2019","European Union - 27 countries (from 2020)","Solar collectors surface","Thousand square metres","52,476.924",""
"2019","Euro area - 19 countries  (from 2015)","Solar collectors surface","Thousand square metres","45,585.214",""
"2019","Belgium","Solar collectors surface","Thousand square metres","724.200",""
"2019","Bulgaria","Solar collectors surface","Thousand square metres","425.478",""
"2019","Czechia","Solar collectors surface","Thousand square metres","555.000",""
"2019","Denmark","Solar collectors surface","Thousand square metres","1,915.122",""
"2019","Germany","Solar collectors surface","Thousand square metres","19,326.000",""
"2019","Estonia","Solar collectors surface","Thousand square metres","0.000",""
"2019","Ireland","Solar collectors surface","Thousand square metres","336.951",""
"2019","Greece","Solar collectors surface","Thousand square metres","4,867.500",""
"2019","Spain","Solar collectors surface","Thousand square metres","4,067.774",""
"2019","France","Solar collectors surface","Thousand square metres","3,302.191",""
"2019","Croatia","Solar collectors surface","Thousand square metres","272.200",""
"2019","Italy","Solar collectors surface","Thousand square metres","4,343.765",""
"2019","Cyprus","Solar collectors surface","Thousand square metres","1,084.111",""
"2019","Latvia","Solar collectors surface","Thousand square metres","21.672",""
"2019","Lithuania","Solar collectors surface","Thousand square metres","0.000",""
"2019","Luxembourg","Solar collectors surface","Thousand square metres","69.889",""
"2019","Hungary","Solar collectors surface","Thousand square metres","350.000",""
"2019","Malta","Solar collectors surface","Thousand square metres","73.485",""
"2019","Netherlands","Solar collectors surface","Thousand square metres","672.000",""
"2019","Austria","Solar collectors surface","Thousand square metres","5,050.403",""
"2019","Poland","Solar collectors surface","Thousand square metres","2,696.000",""
"2019","Portugal","Solar collectors surface","Thousand square metres","1,347.955",""
"2019","Romania","Solar collectors surface","Thousand square metres","218.910",""
"2019","Slovenia","Solar collectors surface","Thousand square metres","224.318",""
"2019","Slovakia","Solar collectors surface","Thousand square metres","0.000",""
"2019","Finland","Solar collectors surface","Thousand square metres","73.000",""
"2019","Sweden","Solar collectors surface","Thousand square metres","459.000",""
"2019","Iceland","Solar collectors surface","Thousand square metres","0.000",""
"2019","Liechtenstein","Solar collectors surface","Thousand square metres","0.000",""
"2019","Norway","Solar collectors surface","Thousand square metres","0.000",""
"2019","United Kingdom","Solar collectors surface","Thousand square metres","1,460.000",""
"2019","Montenegro","Solar collectors surface","Thousand square metres","2.200",""
"2019","North Macedonia","Solar collectors surface","Thousand square metres","0.000",""
"2019","Albania","Solar collectors surface","Thousand square metres","232.030",""
"2019","Serbia","Solar collectors surface","Thousand square metres","0.000",""
"2019","T�rkiye","Solar collectors surface","Thousand square metres","19,600.000",""
"2019","Bosnia and Herzegovina","Solar collectors surface","Thousand square metres","0.000",""
"2019","Kosovo (under United Nations Security Council Resolution 1244/99)","Solar collectors surface","Thousand square metres","5.000",""
"2019","Moldova","Solar collectors surface","Thousand square metres","0.000",""
"2019","Ukraine","Solar collectors surface","Thousand square metres","0.000",""
"2019","Georgia","Solar collectors surface","Thousand square metres","62.000",""
"2020","European Union - 27 countries (from 2020)","Solar collectors surface","Thousand square metres","53,861.135",""
"2020","Euro area - 19 countries  (from 2015)","Solar collectors surface","Thousand square metres","46,430.901",""
"2020","Belgium","Solar collectors surface","Thousand square metres","740.300",""
"2020","Bulgaria","Solar collectors surface","Thousand square metres","445.538",""
"2020","Czechia","Solar collectors surface","Thousand square metres","577.000",""
"2020","Denmark","Solar collectors surface","Thousand square metres","2,051.096",""
"2020","Germany","Solar collectors surface","Thousand square metres","19,455.000",""
"2020","Estonia","Solar collectors surface","Thousand square metres","0.000",""
"2020","Ireland","Solar collectors surface","Thousand square metres","347.062",""
"2020","Greece","Solar collectors surface","Thousand square metres","4,991.000",""
"2020","Spain","Solar collectors surface","Thousand square metres","4,235.816",""
"2020","France","Solar collectors surface","Thousand square metres","3,397.731",""
"2020","Croatia","Solar collectors surface","Thousand square metres","288.000",""
"2020","Italy","Solar collectors surface","Thousand square metres","4,457.525",""
"2020","Cyprus","Solar collectors surface","Thousand square metres","1,102.430",""
"2020","Latvia","Solar collectors surface","Thousand square metres","21.700",""
"2020","Lithuania","Solar collectors surface","Thousand square metres","0.000",""
"2020","Luxembourg","Solar collectors surface","Thousand square metres","74.358",""
"2020","Hungary","Solar collectors surface","Thousand square metres","392.000",""
"2020","Malta","Solar collectors surface","Thousand square metres","74.166",""
"2020","Netherlands","Solar collectors surface","Thousand square metres","669.000",""
"2020","Austria","Solar collectors surface","Thousand square metres","4,922.944",""
"2020","Poland","Solar collectors surface","Thousand square metres","3,006.690",""
"2020","Portugal","Solar collectors surface","Thousand square metres","1,406.955",""
"2020","Romania","Solar collectors surface","Thousand square metres","218.910",""
"2020","Slovenia","Solar collectors surface","Thousand square metres","222.914",""
"2020","Slovakia","Solar collectors surface","Thousand square metres","232.000",""
"2020","Finland","Solar collectors surface","Thousand square metres","80.000",""
"2020","Sweden","Solar collectors surface","Thousand square metres","451.000",""
"2020","Iceland","Solar collectors surface","Thousand square metres","0.000",""
"2020","Liechtenstein","Solar collectors surface","Thousand square metres","0.000",""
"2020","Norway","Solar collectors surface","Thousand square metres","0.000",""
"2020","United Kingdom","Solar collectors surface","Thousand square metres","1,460.000",""
"2020","Montenegro","Solar collectors surface","Thousand square metres","2.213",""
"2020","North Macedonia","Solar collectors surface","Thousand square metres","0.000",""
"2020","Albania","Solar collectors surface","Thousand square metres","233.886",""
"2020","Serbia","Solar collectors surface","Thousand square metres","0.000",""
"2020","T�rkiye","Solar collectors surface","Thousand square metres","19,992.000",""
"2020","Bosnia and Herzegovina","Solar collectors surface","Thousand square metres","0.000",""
"2020","Kosovo (under United Nations Security Council Resolution 1244/99)","Solar collectors surface","Thousand square metres","5.200",""
"2020","Moldova","Solar collectors surface","Thousand square metres","0.000",""
"2020","Ukraine","Solar collectors surface","Thousand square metres","0.000",""
"2020","Georgia","Solar collectors surface","Thousand square metres","62.000",""
